id,listing_url,host_since,host_response_time,host_response_rate,host_acceptance_rate,host_is_superhost,host_verifications,neighbourhood_cleansed,property_type,room_type,bathrooms_text,amenities,price,has_availability,first_review,last_review,instant_bookable,host_listings_count,host_total_listings_count,latitude,longitude,accommodates,bathrooms,bedrooms,beds,minimum_nights,maximum_nights,minimum_nights_avg_ntm,maximum_nights_avg_ntm,availability_30,availability_60,availability_90,availability_365,number_of_reviews,number_of_reviews_ltm,number_of_reviews_l30d,review_scores_rating,review_scores_accuracy,review_scores_cleanliness,review_scores_checkin,review_scores_communication,review_scores_location,review_scores_value,calculated_host_listings_count,calculated_host_listings_count_entire_homes,calculated_host_listings_count_private_rooms,calculated_host_listings_count_shared_rooms,reviews_per_month
23194713.0,https://www.airbnb.com/rooms/23194713,09/02/2018,within an hour,100%,100%,f,"['email', 'phone']",Ludwigsvorstadt-Isarvorstadt,Room in bed and breakfast,Hotel room,1 private bath,"[""Dedicated workspace"", ""Fire extinguisher"", ""Hangers"", ""TV"", ""Heating"", ""Paid parking on premises"", ""Hair dryer"", ""Essentials"", ""Host greets you"", ""Wifi"", ""Shampoo"", ""Elevator""]",$120.00,t,02/06/2019,28/08/2024,t,3.6,4.0,48.13653,11.55307,2.0,1.1,1.2,1.6,1.0,334.1,1.0,1125.0,0,0,0,0,16.5,5.3,1.0,4.53,4.73,4.75,4.83,4.9,4.81,4.56,2.1,0.0,1.0,0.0,1.57
23798925.0,https://www.airbnb.com/rooms/23798925,15/03/2018,Estado de manera desconocida,100%,100%,f,"['email', 'phone']",Ludwigsvorstadt-Isarvorstadt,Room in boutique hotel,Hotel room,1 private bath,"[""Luggage dropoff allowed"", ""Outdoor furniture"", ""Heating"", ""Paid parking garage on premises"", ""Hot water kettle"", ""Self check-in"", ""Dishes and silverware"", ""Crib"", ""Bogner body soap"", ""Stove"", ""Elevator"", ""Bed linens"", ""Bogner shampoo"", ""Fire extinguisher"", ""Hangers"", ""Ethernet connection"", ""Laundromat nearby"", ""Microwave"", ""Iron"", ""Air conditioning"", ""Coffee maker: Nespresso"", ""Building staff"", ""Room-darkening shades"", ""Patio or balcony"", ""Dryer \u2013\u00a0In unit"", ""Paid parking off premises"", ""Pack \u2019n play/Travel crib"", ""Cooking basics"", ""Hot water"", ""Hair dryer"", ""Clothing storage"", ""Shower gel"", ""TV with standard cable"", ""High chair"", ""Conditioner"", ""Essentials"", ""Long term stays allowed"", ""Washer \u2013\u00a0In unit"", ""Refrigerator"", ""Safe"", ""Smoke alarm"", ""Dining table"", ""Kitchen"", ""Wifi"", ""Exterior security cameras on property"", ""Mini fridge""]",$469.00,t,26/07/2020,05/08/2024,t,3.6,5.0,48.13916,11.56236,2.0,1.0,1.2,1.0,1.0,334.1,1.0,1066.0,0,0,0,1,3.0,2.0,0.0,4.67,4.8,5.0,4.67,5.0,4.8,4.33,3.0,0.0,1.0,0.0,0.06
29301238.0,https://www.airbnb.com/rooms/29301238,08/10/2018,within an hour,97%,100%,Sin identificar,"['email', 'phone']",Maxvorstadt,Room in hotel,Hotel room,1 private bath,"[""Luggage dropoff allowed"", ""Heating"", ""Hot water kettle"", ""Dishes and silverware"", ""Crib - available upon request"", ""Stove"", ""Portable fans"", ""Elevator"", ""Bed linens"", ""Dedicated workspace"", ""Fire extinguisher"", ""Hangers"", ""Paid dryer \u2013 In building"", ""Pack \u2019n play/Travel crib - available upon request"", ""Microwave"", ""Iron"", ""Room-darkening shades"", ""Clothing storage: wardrobe"", ""C.O. Bigelow shampoo"", ""Hot water"", ""Cleaning available during stay"", ""Hair dryer"", ""Pets allowed"", ""Shower gel"", ""Extra pillows and blankets"", ""TV with standard cable"", ""Essentials"", ""High chair - available upon request"", ""Long term stays allowed"", ""C.O. Bigelow body soap"", ""Refrigerator"", ""Safe"", ""Smoke alarm"", ""Carbon monoxide alarm"", ""Kitchenette"", ""Paid parking on premises"", ""Paid parking garage off premises"", ""Paid washer \u2013 In building"", ""Wifi"", ""Exterior security cameras on property""]",$402.00,t,01/11/2018,16/09/2024,t,3.6,4.7,48.14321,11.55895,1.0,1.0,1.0,1.0,1.0,334.1,1.0,20770.8,15,43,72,330,16.5,5.3,0.5,4.54,4.62,4.72,4.8,4.9,4.78,4.55,3.0,0.0,1.0,0.0,1.0
30363681.0,https://www.airbnb.com/rooms/30363681,08/10/2018,within an hour,97%,100%,Sin identificar,"['email', 'phone']",Maxvorstadt,Room in hotel,Hotel room,1 private bath,"[""Luggage dropoff allowed"", ""Heating"", ""Hot water kettle"", ""Dishes and silverware"", ""Crib - available upon request"", ""Stove"", ""Portable fans"", ""Elevator"", ""Bed linens"", ""Dedicated workspace"", ""Fire extinguisher"", ""Hangers"", ""Paid dryer \u2013 In building"", ""Pack \u2019n play/Travel crib - available upon request"", ""Microwave"", ""Iron"", ""Room-darkening shades"", ""Clothing storage: wardrobe"", ""C.O. Bigelow shampoo"", ""Hot water"", ""Cleaning available during stay"", ""Hair dryer"", ""Pets allowed"", ""Shower gel"", ""Extra pillows and blankets"", ""TV with standard cable"", ""Essentials"", ""High chair - available upon request"", ""Long term stays allowed"", ""C.O. Bigelow body soap"", ""Refrigerator"", ""Safe"", ""Smoke alarm"", ""Carbon monoxide alarm"", ""Kitchenette"", ""Paid parking on premises"", ""Paid parking garage off premises"", ""Paid washer \u2013 In building"", ""Dining table"", ""Wifi"", ""Exterior security cameras on property""]",$411.00,t,05/12/2018,20/09/2024,t,3.6,4.7,48.14321,11.55895,2.0,1.0,1.0,1.0,1.0,334.1,1.0,20770.8,9,33,59,314,16.5,5.3,0.5,4.8,4.54,4.62,4.77,4.9,4.74,4.47,3.0,0.0,1.0,0.0,1.0
30459340.0,https://www.airbnb.com/rooms/30459340,02/12/2018,within an hour,100%,100%,f,"['email', 'phone']",Neuhausen-Nymphenburg,Room in boutique hotel,Hotel room,1 private bath,"[""Fire extinguisher"", ""Hangers"", ""TV"", ""Heating"", ""Free parking on premises"", ""Hair dryer"", ""Pets allowed"", ""First aid kit"", ""Iron"", ""Essentials"", ""Wifi"", ""Shampoo""]",$251.00,t,13/01/2019,21/09/2024,t,3.6,4.0,48.15451,11.50435,2.0,1.0,1.0,1.0,1.0,99.0,1.0,99.0,18,45,73,81,16.5,4.0,2.0,4.72,4.74,4.84,4.91,4.88,4.84,4.68,3.0,0.0,0.0,0.0,1.0
30907337.0,https://www.airbnb.com/rooms/30907337,02/12/2018,within an hour,100%,100%,f,"['email', 'phone']",Neuhausen-Nymphenburg,Room in boutique hotel,Hotel room,1 private bath,"[""Fire extinguisher"", ""Hangers"", ""TV"", ""Heating"", ""Free parking on premises"", ""Hair dryer"", ""Pets allowed"", ""First aid kit"", ""Iron"", ""Lockbox"", ""Essentials"", ""Self check-in"", ""Wifi"", ""Shampoo""]",$241.00,t,13/01/2019,02/09/2024,t,3.6,4.0,48.15252,11.5054,1.0,1.0,1.0,1.0,1.0,99.0,1.0,99.0,23,50,79,87,39.0,2.0,1.0,4.82,4.67,4.82,4.9,4.9,4.92,4.72,3.0,0.0,0.0,0.0,0.56
30907740.0,https://www.airbnb.com/rooms/30907740,02/12/2018,within an hour,100%,100%,f,"['email', 'phone']",Neuhausen-Nymphenburg,Room in boutique hotel,Hotel room,1 private bath,"[""Fire extinguisher"", ""Hangers"", ""TV"", ""Heating"", ""Free parking on premises"", ""Hair dryer"", ""Pets allowed"", ""First aid kit"", ""Iron"", ""Essentials"", ""Wifi"", ""Shampoo""]",$251.00,t,06/04/2019,08/07/2023,t,3.6,4.0,48.15233,11.50407,2.0,1.0,1.0,2.0,1.0,99.0,1.0,99.0,17,41,69,77,36.0,0.0,0.0,4.64,4.69,4.75,4.89,4.9,4.75,4.53,3.0,0.0,0.0,0.0,0.54
32375880.0,https://www.airbnb.com/rooms/32375880,14/02/2019,within an hour,100%,96%,t,"['email', 'phone']",Tudering-Riem,Room in boutique hotel,Hotel room,1 private bath,"[""Luggage dropoff allowed"", ""Heating"", ""Hot water kettle"", ""Free parking on premises"", ""Children\u2019s books and toys"", ""Lockbox"", ""Self check-in"", ""Crib"", ""Wine glasses"", ""Bed linens"", ""Elevator"", ""Dedicated workspace"", ""Cleaning products"", ""Fire extinguisher"", ""Hangers"", ""Ethernet connection"", ""Exercise equipment"", ""EV charger"", ""Iron"", ""Free street parking"", ""Room-darkening shades"", ""Clothing storage: wardrobe"", ""Pack \u2019n play/Travel crib"", ""Hot water"", ""Shared backyard \u2013 Not fully fenced"", ""Hair dryer"", ""High chair"", ""Shower gel"", ""Extra pillows and blankets"", ""First aid kit"", ""Pets allowed"", ""Essentials"", ""Long term stays allowed"", ""Shampoo"", ""Safe"", ""AC - split type ductless system"", ""32 inch HDTV with standard cable"", ""Smoke alarm"", ""Paid parking on premises"", ""Board games"", ""Outdoor dining area"", ""Wifi"", ""Exterior security cameras on property"", ""Body soap""]",$89.00,t,02/10/2022,08/08/2024,t,3.6,5.0,48.13968,11.6,2.0,1.1,1.0,1.6,1.0,334.1,1.1,1119.8,22,48,75,295,5.0,2.0,0.0,4.8,4.8,4.6,5.0,5.0,5.0,4.8,2.1,0.0,0.0,0.0,0.21
32906149.0,https://www.airbnb.com/rooms/32906149,08/03/2019,Estado de manera desconocida,100%,0%,f,"['email', 'phone']",Au-Haidhausen,Room in boutique hotel,Hotel room,1 private bath,"[""Luggage dropoff allowed"", ""Heating"", ""Self check-in"", ""Portable fans"", ""Elevator"", ""Bed linens"", ""Dedicated workspace"", ""Cleaning products"", ""Fire extinguisher"", ""EV charger"", ""Air conditioning"", ""Building staff"", ""Room-darkening shades"", ""Paid parking off premises"", ""Hot water"", ""Cleaning available during stay"", ""Hair dryer"", ""High chair"", ""Shower gel"", ""Extra pillows and blankets"", ""TV with standard cable"", ""First aid kit"", ""Essentials"", ""Long term stays allowed"", ""Shampoo"", ""Safe"", ""Smoke alarm"", ""Carbon monoxide alarm"", ""Paid parking on premises"", ""Dining table"", ""Clothing storage: closet and wardrobe"", ""Wifi"", ""Body soap"", ""Breakfast""]",$95.00,t,21/05/2019,09/06/2019,t,3.6,4.7,48.12887,11.60442,2.0,1.1,1.0,1.6,1.0,10.0,1.0,10.0,3,30,60,150,3.0,0.0,0.0,5.0,5.0,5.0,5.0,5.0,5.0,5.0,2.1,0.0,0.0,0.0,0.05
33352705.0,https://www.airbnb.com/rooms/33352705,08/03/2019,Estado de manera desconocida,100%,54%,f,"['email', 'phone']",Au-Haidhausen,Room in boutique hotel,Hotel room,1 private bath,"[""Luggage dropoff allowed"", ""Heating"", ""Self check-in"", ""Elevator"", ""Bed linens"", ""Dedicated workspace"", ""Cleaning products"", ""Fire extinguisher"", ""EV charger"", ""Building staff"", ""Room-darkening shades"", ""Paid parking off premises"", ""Hot water"", ""Cleaning available during stay"", ""Hair dryer"", ""High chair"", ""Shower gel"", ""Extra pillows and blankets"", ""TV with standard cable"", ""First aid kit"", ""Essentials"", ""Long term stays allowed"", ""Shampoo"", ""Safe"", ""Smoke alarm"", ""Carbon monoxide alarm"", ""Paid parking on premises"", ""Dining table"", ""Clothing storage: closet and wardrobe"", ""Wifi"", ""Body soap"", ""Breakfast""]",$235.00,t,2011-06-19,2024-12-05,t,3.6,4.7,48.12887,11.60442,1.0,1.1,1.0,1.6,1.0,10.0,1.0,10.0,3,30,60,150,0.0,0.0,0.0,4.9,4.8,4.98,5.0,5.0,4.9,4.8,2.1,0.0,0.0,0.0,0.03
33357184.0,https://www.airbnb.com/rooms/33357184,26/03/2019,Estado de manera desconocida,100%,54%,f,"['email', 'phone']",Moosach,Room in hotel,Hotel room,1 private bath,"[""Luggage dropoff allowed"", ""Outlet covers"", ""Free parking on premises"", ""Single level home"", ""Children\u2019s books and toys"", ""Lockbox"", ""Induction stove"", ""Self check-in"", ""Dishes and silverware"", ""Crib"", ""Elevator"", ""Bed linens"", ""Fire extinguisher"", ""Hangers"", ""Laundromat nearby"", ""Microwave"", ""EV charger"", ""Iron"", ""Freezer"", ""Room-darkening shades"", ""Babysitter recommendations"", ""42 inch TV"", ""Pack \u2019n play/Travel crib"", ""Washer \u2013\u00a0In building"", ""Cooking basics"", ""Hot water"", ""Hair dryer"", ""High chair"", ""Shower gel"", ""Extra pillows and blankets"", ""Children\u2019s dinnerware"", ""First aid kit"", ""Pets allowed"", ""Essentials"", ""Long term stays allowed"", ""Dryer \u2013 In building"", ""Shampoo"", ""Refrigerator"", ""Changing table"", ""Paid parking garage on premises \u2013 50 spaces"", ""Central air conditioning"", ""Central heating"", ""Smoke alarm"", ""Paid parking garage off premises"", ""Kitchen"", ""Wifi"", ""Body soap""]",$235.00,t,29/12/2021,29/12/2021,t,2.0,2.0,48.178627,11.50532,1.0,1.1,1.0,1.6,1.0,334.1,1.0,224.8,12,41,70,313,1.0,0.0,0.0,5.0,5.0,5.0,5.0,5.0,5.0,5.0,2.0,1.0,0.0,0.0,0.03
33410779.0,https://www.airbnb.com/rooms/33410779,08/03/2019,Estado de manera desconocida,60%,98%,f,"['email', 'phone']",Au-Haidhausen,Room in boutique hotel,Hotel room,1 private bath,"[""Luggage dropoff allowed"", ""Heating"", ""Self check-in"", ""Portable fans"", ""Elevator"", ""Bed linens"", ""Dedicated workspace"", ""Cleaning products"", ""Fire extinguisher"", ""TV"", ""EV charger"", ""Air conditioning"", ""Building staff"", ""Room-darkening shades"", ""Paid parking off premises"", ""Hot water"", ""Cleaning available during stay"", ""Hair dryer"", ""High chair"", ""Shower gel"", ""First aid kit"", ""Essentials"", ""Long term stays allowed"", ""Shampoo"", ""Safe"", ""Smoke alarm"", ""Carbon monoxide alarm"", ""Paid parking on premises"", ""Clothing storage: closet and wardrobe"", ""Wifi"", ""Body soap"", ""Breakfast""]",$999.00,t,2011-06-19,2024-12-05,t,3.6,4.7,48.1288681,11.60441494,1.0,1.1,1.0,1.6,1.0,10.0,1.0,10.0,3,30,60,150,0.0,0.0,0.0,4.9,4.8,4.86,5.0,5.0,4.9,4.43,2.1,0.0,0.0,0.0,0.03
33411268.0,https://www.airbnb.com/rooms/33411268,08/03/2019,Estado de manera desconocida,60%,98%,f,"['email', 'phone']",Au-Haidhausen,Room in boutique hotel,Hotel room,1 private bath,"[""Luggage dropoff allowed"", ""Heating"", ""Self check-in"", ""Portable fans"", ""Elevator"", ""Bed linens"", ""Dedicated workspace"", ""Cleaning products"", ""Fire extinguisher"", ""Laundromat nearby"", ""EV charger"", ""Air conditioning"", ""Building staff"", ""Room-darkening shades"", ""Paid parking off premises"", ""Hot water"", ""Cleaning available during stay"", ""Hair dryer"", ""High chair"", ""Shower gel"", ""Extra pillows and blankets"", ""TV with standard cable"", ""First aid kit"", ""Essentials"", ""Long term stays allowed"", ""Shampoo"", ""Safe"", ""Smoke alarm"", ""Carbon monoxide alarm"", ""Paid parking on premises"", ""Dining table"", ""Clothing storage: closet and wardrobe"", ""Wifi"", ""Body soap"", ""Breakfast""]",$999.00,t,2011-06-19,2024-12-05,t,3.6,4.7,48.12887,11.60442,2.0,1.1,1.0,1.6,1.0,10.0,1.0,10.0,3,30,60,150,0.0,0.0,0.0,4.9,4.8,4.86,5.0,5.0,4.9,4.43,2.1,0.0,0.0,0.0,0.03
33411641.0,https://www.airbnb.com/rooms/33411641,08/03/2019,Estado de manera desconocida,60%,98%,f,"['email', 'phone']",Au-Haidhausen,Room in boutique hotel,Hotel room,1 private bath,"[""Luggage dropoff allowed"", ""Heating"", ""Coffee maker"", ""Self check-in"", ""Portable fans"", ""Elevator"", ""Bed linens"", ""Dedicated workspace"", ""Cleaning products"", ""Fire extinguisher"", ""Laundromat nearby"", ""EV charger"", ""Building staff"", ""Paid parking off premises"", ""Hot water"", ""Cleaning available during stay"", ""Hair dryer"", ""High chair"", ""Shower gel"", ""Extra pillows and blankets"", ""TV with standard cable"", ""First aid kit"", ""Coffee"", ""Essentials"", ""Long term stays allowed"", ""Shampoo"", ""Safe"", ""Smoke alarm"", ""Carbon monoxide alarm"", ""Paid parking on premises"", ""Dining table"", ""Clothing storage: closet and wardrobe"", ""Wifi"", ""Body soap"", ""Breakfast""]",$999.00,t,15/06/2019,25/09/2019,t,3.6,4.7,48.12887,11.60442,2.0,1.1,1.0,1.6,1.0,10.0,1.0,10.0,3,30,60,150,2.0,0.0,0.0,5.0,5.0,5.0,5.0,5.0,5.0,5.0,2.1,0.0,0.0,0.0,0.03
33411842.0,https://www.airbnb.com/rooms/33411842,08/03/2019,Estado de manera desconocida,60%,98%,f,"['email', 'phone']",Au-Haidhausen,Room in boutique hotel,Hotel room,1 private bath,"[""Luggage dropoff allowed"", ""Outdoor furniture"", ""Heating"", ""Self check-in"", ""Portable fans"", ""Elevator"", ""Bed linens"", ""Dedicated workspace"", ""Cleaning products"", ""Fire extinguisher"", ""Hangers"", ""Laundromat nearby"", ""EV charger"", ""Iron"", ""Air conditioning"", ""Building staff"", ""Room-darkening shades"", ""Paid parking off premises"", ""Hot water"", ""Cleaning available during stay"", ""Hair dryer"", ""Shower gel"", ""Extra pillows and blankets"", ""TV with standard cable"", ""First aid kit"", ""Essentials"", ""Long term stays allowed"", ""Shampoo"", ""Smoke alarm"", ""Carbon monoxide alarm"", ""Paid parking on premises"", ""Dining table"", ""Clothing storage: closet and wardrobe"", ""Wifi"", ""Body soap"", ""Breakfast""]",$999.00,t,27/12/2019,27/12/2019,t,3.6,4.7,48.12887,11.60442,1.0,1.1,1.0,1.6,1.0,10.0,1.0,10.0,3,30,60,150,1.0,0.0,0.0,5.0,5.0,5.0,5.0,5.0,5.0,4.0,2.1,0.0,0.0,0.0,0.02
34861094.0,https://www.airbnb.com/rooms/34861094,09/02/2018,within an hour,100%,100%,f,"['email', 'phone']",Ludwigsvorstadt-Isarvorstadt,Room in bed and breakfast,Hotel room,1 private bath,"[""Fire extinguisher"", ""Hangers"", ""TV"", ""Heating"", ""Hair dryer"", ""Essentials"", ""Wifi"", ""Exterior security cameras on property"", ""Shampoo"", ""Refrigerator"", ""Elevator""]",$100.00,t,26/07/2019,16/07/2024,t,3.6,4.0,48.13641,11.55692,2.0,1.1,1.0,1.6,1.0,7.0,1.0,7.0,0,0,0,0,16.5,5.3,0.0,4.56,4.63,4.68,4.86,4.86,4.74,4.49,2.1,0.0,1.0,0.0,1.76
35249362.0,https://www.airbnb.com/rooms/35249362,14/02/2019,within an hour,100%,96%,t,"['email', 'phone']",Tudering-Riem,Room in boutique hotel,Hotel room,1 private bath,"[""Luggage dropoff allowed"", ""Heating"", ""Hot water kettle"", ""Free parking on premises"", ""Children\u2019s books and toys"", ""Lockbox"", ""Self check-in"", ""Crib"", ""Wine glasses"", ""Bed linens"", ""Elevator"", ""Dedicated workspace"", ""Cleaning products"", ""Fire extinguisher"", ""Hangers"", ""Ethernet connection"", ""Exercise equipment"", ""EV charger"", ""Iron"", ""Free street parking"", ""Room-darkening shades"", ""Clothing storage: wardrobe"", ""Pack \u2019n play/Travel crib"", ""Hot water"", ""Shared backyard \u2013 Not fully fenced"", ""Hair dryer"", ""High chair"", ""Shower gel"", ""Extra pillows and blankets"", ""First aid kit"", ""Pets allowed"", ""Essentials"", ""Long term stays allowed"", ""Shampoo"", ""Safe"", ""AC - split type ductless system"", ""32 inch HDTV with standard cable"", ""Smoke alarm"", ""Paid parking on premises"", ""Board games"", ""Outdoor dining area"", ""Wifi"", ""Exterior security cameras on property"", ""Body soap""]",$84.00,t,18/06/2022,09/09/2024,t,3.6,5.0,48.14121,11.6,2.0,1.1,1.0,1.6,1.0,334.1,1.1,1119.8,24,50,76,290,14.0,7.0,2.0,4.64,4.64,4.79,4.79,4.9,4.64,4.64,2.1,0.0,0.0,0.0,0.51
35249886.0,https://www.airbnb.com/rooms/35249886,14/02/2019,within an hour,100%,96%,t,"['email', 'phone']",Tudering-Riem,Room in boutique hotel,Hotel room,1 private bath,"[""Luggage dropoff allowed"", ""Heating"", ""Hot water kettle"", ""Free parking on premises"", ""Children\u2019s books and toys"", ""Lockbox"", ""Self check-in"", ""Crib"", ""Wine glasses"", ""Bed linens"", ""Elevator"", ""Dedicated workspace"", ""Fire extinguisher"", ""Hangers"", ""Ethernet connection"", ""Exercise equipment"", ""EV charger"", ""Iron"", ""Free street parking"", ""Room-darkening shades"", ""Clothing storage: wardrobe"", ""Bathtub"", ""Pack \u2019n play/Travel crib"", ""Hot water"", ""Shared backyard \u2013 Not fully fenced"", ""Hair dryer"", ""High chair"", ""Shower gel"", ""Extra pillows and blankets"", ""First aid kit"", ""Pets allowed"", ""Essentials"", ""Long term stays allowed"", ""Shampoo"", ""Safe"", ""AC - split type ductless system"", ""32 inch HDTV with standard cable"", ""Smoke alarm"", ""Paid parking on premises"", ""Board games"", ""Outdoor dining area"", ""Wifi"", ""Exterior security cameras on property"", ""Body soap""]",$84.00,t,10/07/2023,26/08/2024,t,3.6,5.0,48.14141,11.6,4.0,1.1,1.0,1.6,1.0,334.1,1.1,1119.8,18,44,72,282,5.0,2.0,1.0,4.8,5.0,5.0,5.0,5.0,4.8,4.6,2.1,0.0,0.0,0.0,0.34
35250487.0,https://www.airbnb.com/rooms/35250487,14/02/2019,within an hour,100%,96%,t,"['email', 'phone']",Tudering-Riem,Room in boutique hotel,Hotel room,1 private bath,"[""Luggage dropoff allowed"", ""Heating"", ""Hot water kettle"", ""Free parking on premises"", ""Children\u2019s books and toys"", ""Lockbox"", ""Self check-in"", ""Crib"", ""Wine glasses"", ""Bed linens"", ""Shared patio or balcony"", ""Dedicated workspace"", ""Cleaning products"", ""Fire extinguisher"", ""Hangers"", ""Ethernet connection"", ""Elevator"", ""Exercise equipment"", ""EV charger"", ""Iron"", ""Free street parking"", ""Room-darkening shades"", ""Clothing storage: wardrobe"", ""Shared backyard \u2013 Fully fenced"", ""Pack \u2019n play/Travel crib"", ""Hot water"", ""Hair dryer"", ""High chair"", ""Shower gel"", ""Extra pillows and blankets"", ""First aid kit"", ""Pets allowed"", ""Essentials"", ""Long term stays allowed"", ""Shampoo"", ""Safe"", ""AC - split type ductless system"", ""32 inch HDTV with standard cable"", ""Smoke alarm"", ""Paid parking on premises"", ""Board games"", ""Outdoor dining area"", ""Wifi"", ""Exterior security cameras on property"", ""Body soap""]",$84.00,t,2011-06-19,2024-12-05,t,3.6,5.0,48.1405125,11.6,1.0,1.1,1.0,1.6,1.0,334.1,1.1,1119.8,21,47,75,295,0.0,0.0,0.0,4.9,4.8,5.0,5.0,5.0,4.9,4.6,2.1,0.0,0.0,0.0,0.21
35251077.0,https://www.airbnb.com/rooms/35251077,14/02/2019,within an hour,100%,96%,t,"['email', 'phone']",Tudering-Riem,Room in boutique hotel,Hotel room,1 private bath,"[""Luggage dropoff allowed"", ""Heating"", ""Hot water kettle"", ""Free parking on premises"", ""Children\u2019s books and toys"", ""Lockbox"", ""Self check-in"", ""Crib"", ""Wine glasses"", ""Bed linens"", ""Elevator"", ""Dedicated workspace"", ""Cleaning products"", ""Fire extinguisher"", ""Hangers"", ""Ethernet connection"", ""Exercise equipment"", ""EV charger"", ""Iron"", ""Free street parking"", ""Room-darkening shades"", ""Clothing storage: wardrobe"", ""Pack \u2019n play/Travel crib"", ""Hot water"", ""Shared backyard \u2013 Not fully fenced"", ""Hair dryer"", ""High chair"", ""Shower gel"", ""Extra pillows and blankets"", ""First aid kit"", ""Pets allowed"", ""Essentials"", ""Long term stays allowed"", ""Shampoo"", ""Safe"", ""AC - split type ductless system"", ""32 inch HDTV with standard cable"", ""Smoke alarm"", ""Paid parking on premises"", ""Board games"", ""Outdoor dining area"", ""Wifi"", ""Exterior security cameras on property"", ""Body soap""]",$84.00,t,22/10/2022,18/08/2024,t,3.6,5.0,48.14083,11.6,1.0,1.1,1.0,1.6,1.0,334.1,1.1,1119.8,27,53,81,295,5.0,3.0,0.0,5.0,5.0,5.0,5.0,5.0,4.6,4.4,2.1,0.0,0.0,0.0,0.21
35861477.0,https://www.airbnb.com/rooms/35861477,19/06/2019,within an hour,70%,100%,f,"['email', 'phone', 'work_email']",Ludwigsvorstadt-Isarvorstadt,Room in hotel,Hotel room,1 private bath,"[""Smoke alarm"", ""Fire extinguisher"", ""Hangers"", ""Hot water"", ""Heating"", ""Hair dryer"", ""Pets allowed"", ""TV with standard cable"", ""First aid kit"", ""Essentials"", ""Wifi"", ""Exterior security cameras on property"", ""Shampoo"", ""Elevator"", ""Bed linens""]",$100.00,t,03/09/2019,15/04/2024,t,3.6,5.0,48.13672,11.56118,1.0,1.0,1.0,1.0,1.0,334.1,1.0,472.7,5,20,36,238,30.0,7.0,0.0,4.8,4.8,4.6,4.9,4.9,4.8,4.2,2.1,0.0,0.0,0.0,0.49
35862255.0,https://www.airbnb.com/rooms/35862255,19/06/2019,within an hour,70%,100%,f,"['email', 'phone', 'work_email']",Ludwigsvorstadt-Isarvorstadt,Room in hotel,Hotel room,1 private bath,"[""Smoke alarm"", ""Fire extinguisher"", ""Hangers"", ""Hot water"", ""Heating"", ""Hair dryer"", ""Pets allowed"", ""TV with standard cable"", ""First aid kit"", ""Essentials"", ""Wifi"", ""Exterior security cameras on property"", ""Shampoo"", ""Elevator"", ""Bed linens""]",$100.00,t,16/08/2019,28/08/2024,t,3.6,5.0,48.13404,11.55717,2.0,1.0,1.0,1.0,1.0,334.1,1.0,509.1,9,32,50,257,16.5,7.0,1.0,4.8,4.8,4.45,4.9,4.9,4.8,4.08,2.1,0.0,0.0,0.0,1.24
35862332.0,https://www.airbnb.com/rooms/35862332,19/06/2019,within an hour,70%,100%,f,"['email', 'phone', 'work_email']",Ludwigsvorstadt-Isarvorstadt,Room in hotel,Hotel room,1 private bath,"[""Smoke alarm"", ""Fire extinguisher"", ""Hangers"", ""Hot water"", ""Heating"", ""Hair dryer"", ""Pets allowed"", ""TV with standard cable"", ""First aid kit"", ""Essentials"", ""Wifi"", ""Exterior security cameras on property"", ""Shampoo"", ""Elevator"", ""Bed linens""]",$100.00,t,06/10/2019,13/07/2024,t,3.6,5.0,48.13358,11.55677,2.0,1.0,1.0,1.0,1.0,334.1,1.0,506.6,10,35,53,258,9.0,2.0,0.0,4.67,4.67,4.44,4.56,4.9,4.8,4.56,2.1,0.0,0.0,0.0,0.15
35862549.0,https://www.airbnb.com/rooms/35862549,19/06/2019,within an hour,70%,100%,f,"['email', 'phone', 'work_email']",Ludwigsvorstadt-Isarvorstadt,Room in hotel,Hotel room,1 private bath,"[""Smoke alarm"", ""Fire extinguisher"", ""Hangers"", ""Hot water"", ""Heating"", ""Hair dryer"", ""Pets allowed"", ""TV with standard cable"", ""First aid kit"", ""Essentials"", ""Wifi"", ""Exterior security cameras on property"", ""Shampoo"", ""Elevator"", ""Bed linens""]",$100.00,t,30/10/2022,22/10/2023,t,3.6,5.0,48.13404,11.55717,2.0,1.0,1.0,1.0,1.0,334.1,1.0,531.8,8,29,46,251,2.0,1.0,0.0,4.5,4.8,4.8,5.0,5.0,5.0,4.7,2.1,0.0,0.0,0.0,0.09
35863816.0,https://www.airbnb.com/rooms/35863816,19/06/2019,within an hour,87%,100%,f,"['email', 'phone', 'work_email']",Au-Haidhausen,Room in hotel,Hotel room,1 private bath,"[""Smoke alarm"", ""Fire extinguisher"", ""Hangers"", ""Hot water"", ""Heating"", ""Paid parking on premises"", ""Hair dryer"", ""TV with standard cable"", ""First aid kit"", ""Essentials"", ""Wifi"", ""Exterior security cameras on property"", ""Shampoo"", ""Bed linens""]",$100.00,t,02/12/2019,10/09/2024,t,3.0,3.0,48.13814,11.60335,2.0,1.0,1.0,1.0,1.0,334.1,1.0,488.0,9,31,48,255,16.5,9.0,2.0,4.8,4.8,4.8,4.9,4.9,4.68,4.0,3.0,0.0,1.0,0.0,0.8
35863892.0,https://www.airbnb.com/rooms/35863892,19/06/2019,within an hour,87%,100%,f,"['email', 'phone', 'work_email']",Au-Haidhausen,Room in hotel,Hotel room,1 shared bath,"[""Smoke alarm"", ""Fire extinguisher"", ""Hangers"", ""Hot water"", ""Heating"", ""Paid parking on premises"", ""Hair dryer"", ""TV with standard cable"", ""First aid kit"", ""Essentials"", ""Wifi"", ""Exterior security cameras on property"", ""Shampoo"", ""Bed linens""]",$100.00,t,19/08/2019,23/08/2024,t,3.0,3.0,48.13814,11.60335,3.0,1.0,1.0,2.0,1.0,334.1,1.0,408.5,1,18,28,220,19.0,6.0,0.0,4.8,4.8,4.8,4.9,4.9,4.58,4.0,3.0,0.0,1.0,0.0,0.31
37698490.0,https://www.airbnb.com/rooms/37698490,09/02/2018,within an hour,100%,100%,f,"['email', 'phone']",Ludwigsvorstadt-Isarvorstadt,Room in bed and breakfast,Hotel room,1 shared bath,"[""Fire extinguisher"", ""Hangers"", ""TV"", ""Heating"", ""Paid parking on premises"", ""Hair dryer"", ""Essentials"", ""Wifi"", ""Exterior security cameras on property"", ""Shampoo"", ""Elevator""]",$200.00,t,23/08/2019,22/06/2024,t,3.6,4.0,48.133,11.5577,2.0,1.1,1.0,1.6,1.0,30.0,1.0,1125.0,0,0,0,0,16.5,13.0,0.0,4.8,4.6,4.69,4.6,4.9,4.58,4.51,2.1,0.0,1.0,0.0,0.73
37699563.0,https://www.airbnb.com/rooms/37699563,15/03/2018,Estado de manera desconocida,100%,100%,f,"['email', 'phone']",Ludwigsvorstadt-Isarvorstadt,Room in boutique hotel,Hotel room,1 shared bath,"[""Luggage dropoff allowed"", ""Heating"", ""Coffee maker"", ""Self check-in"", ""Dishes and silverware"", ""Bogner body soap"", ""Crib"", ""Stove"", ""Elevator"", ""Bed linens"", ""Bogner shampoo"", ""Fire extinguisher"", ""Hangers"", ""Ethernet connection"", ""Laundromat nearby"", ""Microwave"", ""Iron"", ""Air conditioning"", ""Building staff"", ""Room-darkening shades"", ""Dryer \u2013\u00a0In unit"", ""Bathtub"", ""Pack \u2019n play/Travel crib"", ""Cooking basics"", ""Hot water"", ""Hair dryer"", ""Clothing storage"", ""Shower gel"", ""Extra pillows and blankets"", ""TV with standard cable"", ""High chair"", ""Bogner conditioner"", ""Essentials"", ""Long term stays allowed"", ""Washer \u2013\u00a0In unit"", ""Refrigerator"", ""Safe"", ""Smoke alarm"", ""Paid parking on premises"", ""Kitchen"", ""Wifi"", ""Exterior security cameras on property"", ""Mini fridge""]",$200.00,t,2011-06-19,2024-12-05,t,3.6,5.0,48.13475,11.55813,1.0,1.1,1.0,1.6,1.0,334.1,1.0,1066.0,0,0,0,40,0.0,0.0,0.0,4.9,4.8,4.69,4.9,5.0,4.9,4.51,3.0,0.0,1.0,0.0,0.07
38307061.0,https://www.airbnb.com/rooms/38307061,27/08/2019,within an hour,100%,99%,f,"['email', 'phone', 'work_email']",Milbertshofen-Am Hart,Room in serviced apartment,Hotel room,1 private bath,"[""Luggage dropoff allowed"", ""Heating"", ""Coffee maker"", ""Dishes and silverware"", ""Backyard"", ""Stove"", ""Elevator"", ""Bed linens"", ""Dedicated workspace"", ""Fire extinguisher"", ""Hangers"", ""Paid dryer \u2013 In building"", ""Microwave"", ""Iron"", ""Free street parking"", ""Cooking basics"", ""Hot water"", ""Hair dryer"", ""Shower gel"", ""TV with standard cable"", ""First aid kit"", ""Essentials"", ""Long term stays allowed"", ""Shampoo"", ""Refrigerator"", ""Smoke alarm"", ""Paid parking lot on premises \u2013 30 spaces"", ""Kitchen"", ""Wifi"", ""Exterior security cameras on property""]",$213.00,t,09/09/2019,18/09/2024,t,3.6,4.7,48.18128,11.56863,3.0,1.0,1.0,3.0,1.0,334.1,1.0,1125.0,20,48,78,347,16.5,5.3,0.5,4.8,4.8,4.2,4.75,4.9,4.8,4.3,2.1,0.0,0.0,0.0,1.0
38308384.0,https://www.airbnb.com/rooms/38308384,27/08/2019,within an hour,100%,99%,f,"['email', 'phone', 'work_email']",Milbertshofen-Am Hart,Room in serviced apartment,Hotel room,1 shared bath,"[""Luggage dropoff allowed"", ""Outdoor furniture"", ""Heating"", ""Coffee maker"", ""Dryer"", ""Dishes and silverware"", ""Backyard"", ""Stove"", ""Elevator"", ""Bed linens"", ""Dedicated workspace"", ""Fire extinguisher"", ""Hangers"", ""Microwave"", ""Iron"", ""Free street parking"", ""Room-darkening shades"", ""Cooking basics"", ""Hot water"", ""Cleaning available during stay"", ""Hair dryer"", ""Shower gel"", ""TV with standard cable"", ""First aid kit"", ""Essentials"", ""Long term stays allowed"", ""Shampoo"", ""Refrigerator"", ""Smoke alarm"", ""Private patio or balcony"", ""Paid parking lot on premises \u2013 30 spaces"", ""Outdoor dining area"", ""Kitchen"", ""Wifi"", ""Exterior security cameras on property""]",$181.00,t,15/09/2019,23/09/2024,t,3.6,4.7,48.18184,11.56721,2.0,1.0,1.0,1.0,1.0,334.1,1.0,1125.0,27,57,86,359,16.5,5.3,0.5,4.8,4.8,4.28,4.78,4.9,4.8,4.25,2.1,0.0,0.0,0.0,1.0
38308742.0,https://www.airbnb.com/rooms/38308742,27/08/2019,within an hour,100%,99%,f,"['email', 'phone', 'work_email']",Milbertshofen-Am Hart,Room in serviced apartment,Hotel room,1 shared bath,"[""Luggage dropoff allowed"", ""Outdoor furniture"", ""Heating"", ""Coffee maker"", ""Dishes and silverware"", ""Backyard"", ""Stove"", ""Elevator"", ""Bed linens"", ""Shared patio or balcony"", ""Dedicated workspace"", ""Hangers"", ""Microwave"", ""Iron"", ""Free street parking"", ""Cooking basics"", ""Hot water"", ""Cleaning available during stay"", ""Hair dryer"", ""Shower gel"", ""TV with standard cable"", ""First aid kit"", ""Essentials"", ""Long term stays allowed"", ""Shampoo"", ""Refrigerator"", ""Smoke alarm"", ""Paid parking lot on premises \u2013 30 spaces"", ""Outdoor dining area"", ""Kitchen"", ""Wifi"", ""Exterior security cameras on property""]",$181.00,t,19/09/2019,21/09/2024,t,3.6,4.7,48.18142,11.56719,2.0,1.0,1.0,2.0,1.0,334.1,1.0,1125.0,24,54,84,356,16.5,5.3,0.5,4.8,4.8,4.22,4.78,4.9,4.8,4.27,2.1,0.0,0.0,0.0,1.0
38308756.0,https://www.airbnb.com/rooms/38308756,27/08/2019,within an hour,100%,99%,f,"['email', 'phone', 'work_email']",Milbertshofen-Am Hart,Room in serviced apartment,Hotel room,1 shared bath,"[""Luggage dropoff allowed"", ""Heating"", ""Coffee maker"", ""Dishes and silverware"", ""Backyard"", ""Stove"", ""Elevator"", ""Bed linens"", ""Dedicated workspace"", ""Fire extinguisher"", ""Hangers"", ""Washer"", ""Microwave"", ""Iron"", ""Free street parking"", ""Room-darkening shades"", ""Cooking basics"", ""Hot water"", ""Hair dryer"", ""Top Service body soap"", ""Shower gel"", ""TV with standard cable"", ""First aid kit"", ""Essentials"", ""Window guards"", ""Long term stays allowed"", ""Shampoo"", ""Refrigerator"", ""Safe"", ""Smoke alarm"", ""Paid parking on premises"", ""Private patio or balcony"", ""Kitchen"", ""Wifi"", ""Exterior security cameras on property""]",$219.00,t,07/09/2019,19/08/2024,t,3.6,4.7,48.18155,11.56743,2.0,1.0,1.0,2.0,1.0,334.1,1.0,1125.0,18,48,78,350,38.0,10.0,0.0,4.8,4.8,4.8,4.79,4.9,4.8,3.76,2.1,0.0,0.0,0.0,0.62
