listing_url,host_since,host_response_time,host_response_rate,host_acceptance_rate,host_is_superhost,host_verifications,neighbourhood_cleansed,property_type,room_type,bathrooms_text,amenities,price,has_availability,first_review,last_review,instant_bookable,id,host_id,host_listings_count,host_total_listings_count,latitude,longitude,accommodates,bathrooms,bedrooms,beds,minimum_nights,maximum_nights,minimum_nights_avg_ntm,maximum_nights_avg_ntm,availability_30,availability_60,availability_90,availability_365,number_of_reviews,number_of_reviews_ltm,number_of_reviews_l30d,review_scores_rating,review_scores_accuracy,review_scores_cleanliness,review_scores_checkin,review_scores_communication,review_scores_location,review_scores_value,calculated_host_listings_count,calculated_host_listings_count_entire_homes,calculated_host_listings_count_private_rooms,calculated_host_listings_count_shared_rooms,reviews_per_month
https://www.airbnb.com/rooms/281134,2010-08-09,within an hour,100%,93%,t,"['email', 'phone', 'work_email']",Cuauhtémoc,Room in serviced apartment,Hotel room,1 private bath,"[""Iron"", ""Washer"", ""Wifi"", ""Host greets you"", ""Refrigerator"", ""Dishes and silverware"", ""Dishwasher"", ""Hangers"", ""Free parking on premises"", ""Carbon monoxide alarm"", ""Coffee maker"", ""Backyard"", ""Essentials"", ""Shampoo"", ""Hot water"", ""Dryer"", ""TV with standard cable"", ""Patio or balcony"", ""Kitchen"", ""Oven"", ""Smoke alarm"", ""Stove"", ""Free street parking"", ""Exterior security cameras on property"", ""Cooking basics"", ""Hair dryer"", ""Microwave""]",$120.00,t,2015-01-05,2019-10-05,t,281134,196253,12.0,13.0,19.41124,-99.17748,3.0,1.0,1.0,2.0,1.0,365,2.0,365.0,14,33,43,312,7.0,0.0,0.0,4.71,4.71,5.0,5.0,5.0,5.0,4.86,8.0,4.0,1.0,0.0,0.06
https://www.airbnb.com/rooms/1565220,2012-06-01,within an hour,100%,92%,t,"['email', 'phone', 'work_email']",Álvaro Obregón,Room in boutique hotel,Hotel room,1 private bath,"[""Shared patio or balcony"", ""Iron"", ""Outdoor furniture"", ""High chair"", ""Paid washer \u2013 In building"", ""HDTV with standard cable, Amazon Prime Video, Apple TV, Netflix"", ""Heating"", ""Fire pit"", ""Children\u2019s books and toys"", ""Refrigerator"", ""Dishes and silverware"", ""Self check-in"", ""Outdoor kitchen"", ""Hangers"", ""Carbon monoxide alarm"", ""Coffee maker"", ""Breakfast"", ""Crib"", ""Long term stays allowed"", ""First aid kit"", ""Essentials"", ""Shampoo"", ""Hot water"", ""Luggage dropoff allowed"", ""Kitchen"", ""BBQ grill"", ""Outdoor dining area"", ""Paid parking off premises"", ""Smoke alarm"", ""Fast wifi \u2013 85 Mbps"", ""Fire extinguisher"", ""Pack \u2019n play/Travel crib"", ""Indoor fireplace: gas"", ""Paid dryer \u2013 In building"", ""Free street parking"", ""Exterior security cameras on property"", ""Dedicated workspace"", ""Cooking basics"", ""Hair dryer"", ""Building staff""]",$120.00,t,2013-11-12,2024-01-02,f,1565220,2518152,8.0,9.0,19.34735,-99.19016,2.0,1.0,1.0,2.0,1.0,1125,1.0,1125.0,1,31,61,336,28.0,1.0,0.0,4.96,5.0,5.0,5.0,4.96,4.93,4.93,7.0,1.0,4.0,0.0,0.21
https://www.airbnb.com/rooms/1736063,2012-06-01,within an hour,100%,92%,t,"['email', 'phone', 'work_email']",Álvaro Obregón,Room in boutique hotel,Hotel room,1 private bath,"[""Shared patio or balcony"", ""Iron"", ""Outdoor furniture"", ""Wifi"", ""Paid washer \u2013 In building"", ""Heating"", ""Fire pit"", ""Children\u2019s books and toys"", ""Refrigerator"", ""Dishes and silverware"", ""Self check-in"", ""Resort access"", ""Outdoor kitchen"", ""Hangers"", ""Carbon monoxide alarm"", ""Coffee maker"", ""Breakfast"", ""Crib"", ""Long term stays allowed"", ""First aid kit"", ""Essentials"", ""Shampoo"", ""Hot water"", ""Luggage dropoff allowed"", ""Pocket wifi"", ""Kitchen"", ""Shared backyard \u2013 Fully fenced"", ""BBQ grill"", ""Outdoor dining area"", ""Paid parking off premises"", ""Smoke alarm"", ""Fire extinguisher"", ""Pack \u2019n play/Travel crib"", ""Indoor fireplace: gas"", ""Paid dryer \u2013 In building"", ""Free street parking"", ""Exterior security cameras on property"", ""Dedicated workspace"", ""Cooking basics"", ""Hair dryer"", ""Building staff""]",$120.00,t,2014-03-04,2024-07-28,f,1736063,2518152,8.0,9.0,19.3486,-99.19296,2.0,1.0,1.0,2.0,1.0,1125,1.0,1125.0,17,47,77,352,58.0,8.0,0.0,4.88,4.84,4.97,4.89,4.93,4.96,4.86,7.0,1.0,4.0,0.0,0.45
https://www.airbnb.com/rooms/571166,2010-08-09,within an hour,100%,93%,t,"['email', 'phone', 'work_email']",Cuauhtémoc,Room in serviced apartment,Hotel room,1 bath,"[""Dryer"", ""Iron"", ""Washer"", ""Carbon monoxide alarm"", ""Wifi"", ""Free parking on premises"", ""TV with standard cable"", ""Exterior security cameras on property"", ""Hangers"", ""Fire extinguisher"", ""Host greets you"", ""Kitchen"", ""Essentials"", ""Shampoo"", ""Hot water"", ""Cooking basics"", ""Smoke alarm"", ""Hair dryer""]","$1,872.00",t,2019-02-08,2019-02-08,t,571166,196253,12.0,13.0,19.41346,-99.1775,3.0,1.0,1.0,1.0,1.0,365,2.0,365.0,0,0,0,253,1.0,0.0,0.0,4.8,5.0,5.0,5.0,4.9,5.0,4.8,8.0,4.0,1.0,0.0,0.01
https://www.airbnb.com/rooms/737328,2012-10-12,within an hour,100%,89%,t,"['email', 'phone']",Cuauhtémoc,Room in serviced apartment,Hotel room,1 bath,"[""Iron"", ""Washer"", ""Wifi"", ""Host greets you"", ""Hangers"", ""Free parking on premises"", ""Carbon monoxide alarm"", ""Breakfast"", ""Long term stays allowed"", ""First aid kit"", ""Essentials"", ""Shampoo"", ""Hot water"", ""Smoking allowed"", ""Dryer"", ""Luggage dropoff allowed"", ""TV with standard cable"", ""Kitchen"", ""Smoke alarm"", ""Fire extinguisher"", ""Cooking basics"", ""Hair dryer""]","$1,275.00",t,2013-01-05,2024-02-11,t,737328,3850198,19.0,21.0,19.43059,-99.17073,2.0,1.0,1.0,1.0,2.0,730,2.0,1125.0,23,42,72,347,25.0,1.0,0.0,4.84,4.88,4.84,5.0,5.0,4.84,4.8,11.0,7.0,0.0,0.0,0.18
https://www.airbnb.com/rooms/865012,2012-10-12,within an hour,100%,89%,t,"['email', 'phone']",Cuauhtémoc,Room in serviced apartment,Hotel room,1 bath,"[""Iron"", ""Washer"", ""Wifi"", ""Host greets you"", ""Paid parking on premises"", ""Hangers"", ""Free parking on premises"", ""Carbon monoxide alarm"", ""First aid kit"", ""Essentials"", ""Shampoo"", ""Hot water"", ""Smoking allowed"", ""Dryer"", ""TV with standard cable"", ""Kitchen"", ""Smoke alarm"", ""Hair dryer"", ""Fire extinguisher"", ""Cooking basics"", ""Paid parking off premises""]","$1,275.00",t,2013-03-02,2022-01-01,t,865012,3850198,19.0,21.0,19.43078,-99.17011,2.0,1.0,1.0,1.0,2.0,730,2.0,1125.0,24,44,74,345,31.0,0.0,0.0,4.97,4.97,4.94,5.0,5.0,4.97,4.97,11.0,7.0,0.0,0.0,0.22
https://www.airbnb.com/rooms/868843,2012-10-12,within an hour,100%,89%,t,"['email', 'phone']",Cuauhtémoc,Room in serviced apartment,Hotel room,1 bath,"[""Iron"", ""Washer"", ""Wifi"", ""Dishes and silverware"", ""Self check-in"", ""Hangers"", ""Free parking on premises"", ""Carbon monoxide alarm"", ""Long term stays allowed"", ""First aid kit"", ""Essentials"", ""Shampoo"", ""Hot water"", ""Smoking allowed"", ""Dryer"", ""Luggage dropoff allowed"", ""TV with standard cable"", ""Kitchen"", ""Smoke alarm"", ""Fire extinguisher"", ""Cooking basics"", ""Hair dryer"", ""Building staff""]","$1,159.00",t,2014-08-03,2024-02-18,t,868843,3850198,19.0,21.0,19.43068,-99.17007,2.0,1.0,1.0,1.0,2.0,730,2.0,1125.0,25,40,70,345,55.0,2.0,0.0,4.98,4.98,4.87,5.0,4.98,4.98,4.89,11.0,7.0,0.0,0.0,0.44
https://www.airbnb.com/rooms/869063,2012-10-12,within an hour,100%,89%,t,"['email', 'phone']",Cuauhtémoc,Room in serviced apartment,Hotel room,1 bath,"[""Iron"", ""Washer"", ""Wifi"", ""Self check-in"", ""Hangers"", ""Free parking on premises"", ""Carbon monoxide alarm"", ""Long term stays allowed"", ""First aid kit"", ""Essentials"", ""Shampoo"", ""Hot water"", ""Dryer"", ""Luggage dropoff allowed"", ""TV with standard cable"", ""Kitchen"", ""Smoke alarm"", ""Cooking basics"", ""Fire extinguisher"", ""Smoking allowed"", ""Hair dryer"", ""Building staff""]","$1,353.00",t,2016-01-05,2024-04-21,t,869063,3850198,19.0,21.0,19.43052,-99.17003,2.0,1.0,1.0,1.0,2.0,730,2.0,1125.0,11,32,62,337,38.0,8.0,0.0,4.92,5.0,4.97,5.0,5.0,4.97,4.95,11.0,7.0,0.0,0.0,0.36
https://www.airbnb.com/rooms/2908932,2012-05-03,within an hour,100%,98%,f,"['email', 'phone']",Cuauhtémoc,Room in serviced apartment,Hotel room,1 private bath,"[""Iron"", ""TV"", ""Wifi"", ""Elevator"", ""Heating"", ""Kitchen"", ""Refrigerator"", ""Dishes and silverware"", ""Essentials"", ""Shampoo"", ""Hot water"", ""Paid parking off premises"", ""Cooking basics"", ""Single level home"", ""Hangers"", ""Microwave""]","$1,159.00",t,2019-03-01,2020-08-30,f,2908932,2281290,19.2,22.5,19.42644,-99.161,4.0,1.0,1.0,3.0,2.0,1125,2.0,1125.0,0,0,0,266,4.0,0.0,0.0,4.5,5.0,5.0,4.5,5.0,5.0,4.75,9.8,6.6,4.0,0.0,0.06
https://www.airbnb.com/rooms/6810808,2015-06-09,within a few hours,100%,31%,f,"['email', 'phone']",Cuauhtémoc,Room in bed and breakfast,Hotel room,1 bath,"[""Iron"", ""Washer"", ""Wifi"", ""Self check-in"", ""Resort access"", ""Hangers"", ""Free parking on premises"", ""Carbon monoxide alarm"", ""Long term stays allowed"", ""First aid kit"", ""Shared hot tub"", ""Essentials"", ""Shampoo"", ""Hot water"", ""Luggage dropoff allowed"", ""TV with standard cable"", ""Kitchen"", ""EV charger"", ""Smoke alarm"", ""Shared pool"", ""Fire extinguisher"", ""Gym"", ""Hair dryer"", ""Building staff""]","$10,144.00",t,2015-10-17,2021-11-08,t,6810808,35406862,19.2,22.5,19.42368,-99.17148,3.1,1.4,1.5,1.8,1.0,1125,1.0,1125.0,30,60,90,365,6.0,0.0,0.0,4.8,4.8,4.8,5.0,4.9,4.9,4.8,19.0,2.0,1.8,0.1,0.06
https://www.airbnb.com/rooms/9171973,2014-05-07,within an hour,99%,96%,f,"['email', 'phone', 'work_email']",Miguel Hidalgo,Room in serviced apartment,Hotel room,1 bath,"[""Iron"", ""Washer"", ""Wifi"", ""Heating"", ""Refrigerator"", ""Dishes and silverware"", ""Self check-in"", ""Pets allowed"", ""Hangers"", ""Free parking on premises"", ""Carbon monoxide alarm"", ""Coffee maker"", ""Backyard"", ""Crib"", ""Long term stays allowed"", ""Essentials"", ""Shampoo"", ""Hot water"", ""Dryer"", ""Luggage dropoff allowed"", ""TV with standard cable"", ""Patio or balcony"", ""Kitchen"", ""Smoke alarm"", ""Fire extinguisher"", ""Free street parking"", ""Dedicated workspace"", ""Cooking basics"", ""Building staff""]","$1,219.00",t,2016-04-09,2023-09-24,t,9171973,15219834,26.0,30.0,19.40034,-99.2,2.0,1.0,1.0,1.0,2.0,1125,1.6,99.0,18,47,77,205,41.0,0.0,0.0,4.8,4.88,4.93,4.83,4.78,4.95,4.73,24.0,6.6,0.0,0.0,0.4
https://www.airbnb.com/rooms/12008058,2016-03-23,within an hour,100%,98%,t,"['email', 'phone', 'work_email']",Miguel Hidalgo,Room in serviced apartment,Hotel room,2 baths,"[""Pool"", ""Iron"", ""Washer"", ""Wifi"", ""Heating"", ""Bathtub"", ""Self check-in"", ""Pets allowed"", ""Hangers"", ""Free parking on premises"", ""Carbon monoxide alarm"", ""Breakfast"", ""Crib"", ""Long term stays allowed"", ""Essentials"", ""Shampoo"", ""Hot water"", ""Dryer"", ""Luggage dropoff allowed"", ""TV with standard cable"", ""Hot tub"", ""Kitchen"", ""Smoke alarm"", ""Fire extinguisher"", ""Air conditioning"", ""Gym"", ""Elevator"", ""Hair dryer"", ""Building staff""]","$6,473.00",t,2016-10-31,2024-06-29,t,12008058,64224416,2.0,2.0,19.4298,-99.19414,4.0,2.0,2.0,3.0,1.0,1125,1.0,1125.0,23,48,75,350,64.0,15.0,0.0,4.89,4.89,4.88,4.95,4.86,4.97,4.73,2.0,1.0,0.0,0.0,0.67
https://www.airbnb.com/rooms/11491144,2015-06-09,within a few hours,100%,31%,f,"['email', 'phone']",Cuauhtémoc,Room in bed and breakfast,Hotel room,1 bath,"[""Pool"", ""Iron"", ""Washer"", ""Wifi"", ""Self check-in"", ""Hangers"", ""Carbon monoxide alarm"", ""First aid kit"", ""Essentials"", ""Shampoo"", ""Hot water"", ""TV with standard cable"", ""Hot tub"", ""Kitchen"", ""Smoke alarm"", ""Fire extinguisher"", ""Air conditioning"", ""Gym"", ""Elevator"", ""Hair dryer"", ""Building staff""]","$10,697.00",t,09/11/2011,26/03/2023,t,11491144,35406862,19.2,22.5,19.42456,-99.17179,3.1,1.4,1.5,1.8,1.0,1125,1.0,1125.0,30,60,90,365,0.0,0.0,0.0,4.91,4.9,4.84,4.8,4.8,4.8,4.7,19.0,2.0,1.8,0.1,1.7
https://www.airbnb.com/rooms/11507601,2015-06-09,within a few hours,100%,31%,f,"['email', 'phone']",Cuauhtémoc,Room in serviced apartment,Hotel room,1 bath,"[""Pool"", ""Iron"", ""Washer"", ""Wifi"", ""Self check-in"", ""Hangers"", ""Free parking on premises"", ""Carbon monoxide alarm"", ""First aid kit"", ""Essentials"", ""Shampoo"", ""Dryer"", ""TV with standard cable"", ""Hot tub"", ""Kitchen"", ""Smoke alarm"", ""Fire extinguisher"", ""Gym"", ""Elevator"", ""Hair dryer"", ""Building staff""]","$9,109.00",t,2018-02-08,2018-05-27,f,11507601,35406862,19.2,22.5,19.42543,-99.17176,3.1,1.4,1.5,1.8,1.0,1125,1.0,1125.0,30,60,90,365,2.0,0.0,0.0,5.0,5.0,5.0,5.0,5.0,5.0,5.0,19.0,2.0,1.8,0.1,0.02
https://www.airbnb.com/rooms/13587715,2016-06-18,within an hour,100%,100%,t,"['email', 'phone', 'work_email']",Cuauhtémoc,Room in serviced apartment,Hotel room,1 private bath,"[""Iron"", ""Wifi"", ""Exterior security cameras on property"", ""Host greets you"", ""Refrigerator"", ""Dishes and silverware"", ""Hangers"", ""Long term stays allowed"", ""Essentials"", ""Hot water"", ""TV with standard cable"", ""Bed linens"", ""Kitchen"", ""Oven"", ""Stove"", ""Extra pillows and blankets"", ""Fire extinguisher"", ""Elevator"", ""Dedicated workspace"", ""Cooking basics""]",$425.00,t,2018-10-03,2024-09-02,f,13587715,78456925,5.0,7.0,19.40315,-99.17053,2.0,1.0,1.0,1.0,3.0,1125,3.0,1125.0,2,25,41,304,37.5,28.0,1.0,4.85,4.91,4.9,4.94,4.94,4.94,4.9,5.0,0.0,3.0,0.0,1.99
https://www.airbnb.com/rooms/16842742,2016-08-29,within a day,58%,100%,f,"['email', 'phone', 'work_email']",Álvaro Obregón,Room in aparthotel,Hotel room,1 private bath,"[""Iron"", ""Carbon monoxide alarm"", ""TV"", ""Wifi"", ""Heating"", ""Kitchen"", ""Dishes and silverware"", ""Self check-in"", ""Essentials"", ""Shampoo"", ""Hangers"", ""Building staff"", ""Smoke alarm"", ""Hair dryer"", ""Microwave""]",$749.00,t,2019-03-06,2024-08-11,t,16842742,92520916,9.0,9.0,19.35765,-99.17713,1.0,1.0,1.0,1.0,1.0,1125,1.0,1125.0,30,60,90,365,33.0,3.0,0.0,4.52,4.8,4.64,4.73,4.7,4.73,4.45,9.0,2.0,1.8,0.0,0.49
https://www.airbnb.com/rooms/16840020,2017-01-10,within a few hours,100%,89%,f,"['email', 'phone']",Álvaro Obregón,Room in boutique hotel,Hotel room,1 private bath,"[""Iron"", ""Hair dryer"", ""TV"", ""Wifi"", ""Coffee maker"", ""Luggage dropoff allowed"", ""Exterior security cameras on property"", ""Kitchen"", ""Long term stays allowed"", ""Self check-in"", ""Essentials"", ""Free street parking"", ""Shampoo"", ""Hot water"", ""Paid parking off premises"", ""Cooking basics"", ""Lockbox"", ""Hangers""]",$120.00,t,2017-02-19,2023-11-26,t,16840020,110805631,14.0,15.0,19.36133,-99.18829,6.0,1.0,1.0,2.0,1.0,30,1.0,1125.0,30,60,90,365,24.0,1.0,0.0,4.8,4.71,4.71,4.79,4.67,4.92,4.58,14.0,1.0,1.8,0.0,0.26
https://www.airbnb.com/rooms/17777234,2015-06-09,within a few hours,100%,31%,f,"['email', 'phone']",Cuauhtémoc,Room in serviced apartment,Hotel room,46 baths,"[""Pool"", ""Iron"", ""Washer"", ""Wifi"", ""Self check-in"", ""Hangers"", ""Free parking on premises"", ""Carbon monoxide alarm"", ""Long term stays allowed"", ""First aid kit"", ""Essentials"", ""Hot water"", ""Dryer"", ""Luggage dropoff allowed"", ""TV"", ""Hot tub"", ""Kitchen"", ""Smoke alarm"", ""Fire extinguisher"", ""Air conditioning"", ""Gym"", ""Elevator"", ""Paid parking off premises"", ""Building staff""]","$11,111.00",t,09/11/2011,26/03/2023,t,17777234,35406862,19.2,22.5,19.42632,-99.17102,3.1,1.4,1.5,1.8,1.0,1125,1.3,1125.0,30,60,90,365,0.0,0.0,0.0,4.91,4.9,4.84,4.8,4.8,4.8,4.7,19.0,2.0,1.8,0.1,1.7
https://www.airbnb.com/rooms/19945397,2017-07-19,within a day,100%,100%,f,"['email', 'phone', 'work_email']",Miguel Hidalgo,Room in serviced apartment,Hotel room,2 shared baths,"[""Iron"", ""Washer"", ""Elevator"", ""High chair"", ""Wifi"", ""Heating"", ""Refrigerator"", ""Dishes and silverware"", ""Self check-in"", ""Hangers"", ""Free parking on premises"", ""Carbon monoxide alarm"", ""Coffee maker"", ""Backyard"", ""Breakfast"", ""Crib"", ""Long term stays allowed"", ""First aid kit"", ""Essentials"", ""Shampoo"", ""Hot water"", ""Dryer"", ""Luggage dropoff allowed"", ""TV"", ""Kitchen"", ""Oven"", ""Smoke alarm"", ""Stove"", ""Fire extinguisher"", ""Gym"", ""Microwave"", ""Dedicated workspace"", ""Cooking basics"", ""Hair dryer"", ""Building staff""]",$120.00,t,2017-10-29,2021-11-06,t,19945397,141354058,4.0,4.0,19.42723,-99.19667,4.0,1.0,2.0,2.0,1.0,115,1.0,1125.0,19,42,72,347,11.0,0.0,0.0,4.82,4.91,4.91,5.0,5.0,5.0,4.64,3.0,0.0,2.0,0.0,0.13
https://www.airbnb.com/rooms/22321037,2017-12-18,a few days or more,100%,92%,f,"['email', 'phone']",Benito Juárez,Room in serviced apartment,Hotel room,2 baths,"[""Iron"", ""Washer"", ""Elevator"", ""Wifi"", ""Private patio or balcony"", ""Heating"", ""Freezer"", ""Laundromat nearby"", ""Children\u2019s books and toys"", ""Refrigerator"", ""Dishes and silverware"", ""Ethernet connection"", ""Pets allowed"", ""Portable fans"", ""Hangers"", ""Free parking on premises"", ""Body soap"", ""Children\u2019s dinnerware"", ""Crib"", ""Long term stays allowed"", ""First aid kit"", ""Essentials"", ""Shampoo"", ""Hot water"", ""Smoking allowed"", ""Dining table"", ""Shower gel"", ""Dryer"", ""Clothing storage: closet"", ""Luggage dropoff allowed"", ""TV"", ""Babysitter recommendations"", ""Coffee"", ""Kitchen"", ""Board games"", ""Oven"", ""Books and reading material"", ""Stove"", ""Cleaning products"", ""Room-darkening shades"", ""Wine glasses"", ""Microwave"", ""Cooking basics"", ""Hair dryer""]",$120.00,t,2019-08-31,2019-08-31,t,22321037,163184238,1.0,1.0,19.39551,-99.17638,4.0,1.0,2.0,2.0,1.0,1125,1.0,1125.0,29,59,89,89,1.0,0.0,0.0,5.0,5.0,5.0,5.0,5.0,5.0,5.0,1.0,0.0,0.0,0.0,0.02
https://www.airbnb.com/rooms/23924789,2017-10-24,within an hour,100%,99%,t,"['email', 'phone']",Cuauhtémoc,Room in aparthotel,Hotel room,1 shared bath,"[""Iron"", ""Washer"", ""Elevator"", ""Wifi"", ""Refrigerator"", ""Dishes and silverware"", ""Self check-in"", ""Building staff"", ""Hangers"", ""Carbon monoxide alarm"", ""Coffee maker"", ""Long term stays allowed"", ""First aid kit"", ""Essentials"", ""Shampoo"", ""Hot water"", ""Dryer"", ""TV"", ""Hot tub"", ""Kitchen"", ""Paid parking off premises"", ""Smoke alarm"", ""Fire extinguisher"", ""Gym"", ""Exterior security cameras on property"", ""Cooking basics"", ""Hair dryer"", ""Microwave""]","$1,990.00",t,2018-04-01,2024-08-22,t,23924789,156085152,24.0,22.5,19.42498,-99.16867,2.0,1.0,1.0,1.0,1.0,1125,1.0,1125.0,28,49,79,354,15.0,1.0,0.0,4.8,4.8,4.8,4.6,4.73,5.0,4.8,2.0,1.0,0.0,0.0,0.19
https://www.airbnb.com/rooms/23957804,2022-10-31,within an hour,100%,97%,t,['phone'],Cuauhtémoc,Room in serviced apartment,Hotel room,1 shared bath,"[""Pool"", ""Iron"", ""Washer"", ""Elevator"", ""Wifi"", ""Cleaning available during stay"", ""Refrigerator"", ""Dishes and silverware"", ""Self check-in"", ""Portable fans"", ""Hangers"", ""Carbon monoxide alarm"", ""Coffee maker"", ""Backyard"", ""Long term stays allowed"", ""First aid kit"", ""Essentials"", ""Dryer"", ""Luggage dropoff allowed"", ""TV"", ""Hot tub"", ""Bed linens"", ""Kitchen"", ""Conditioner"", ""BBQ grill"", ""Paid parking off premises"", ""Smoke alarm"", ""Fire extinguisher"", ""Clothing storage"", ""Gym"", ""Microwave"", ""Cooking basics"", ""Hair dryer"", ""Building staff""]","$1,990.00",t,2018-03-30,2023-08-27,f,23957804,485786839,8.0,11.0,19.42565,-99.1697,2.0,1.0,0.0,1.0,1.0,1125,1.0,1125.0,29,49,79,354,11.0,0.0,0.0,4.8,4.8,4.91,4.55,4.64,4.91,4.8,8.0,5.0,0.0,0.0,0.14
https://www.airbnb.com/rooms/23958426,2022-07-23,within an hour,100%,100%,t,"['email', 'phone']",Cuauhtémoc,Room in serviced apartment,Hotel room,1 bath,"[""Iron"", ""Washer"", ""Elevator"", ""Wifi"", ""Refrigerator"", ""Dishes and silverware"", ""Hangers"", ""Carbon monoxide alarm"", ""Coffee maker"", ""Long term stays allowed"", ""First aid kit"", ""Essentials"", ""Hot water"", ""Dryer"", ""Luggage dropoff allowed"", ""TV with standard cable"", ""Patio or balcony"", ""Hot tub"", ""Kitchen"", ""BBQ grill"", ""Paid parking off premises"", ""Smoke alarm"", ""Fire extinguisher"", ""Gym"", ""Microwave"", ""Cooking basics"", ""Single level home"", ""Hair dryer""]","$1,990.00",t,2018-03-31,2023-08-27,f,23958426,471157218,2.0,7.0,19.42658,-99.17046,2.0,1.0,0.0,1.0,1.0,1125,1.0,1125.0,28,49,79,354,14.0,0.0,0.0,4.93,4.71,5.0,4.86,5.0,5.0,4.64,1.0,0.0,0.0,0.0,0.18
https://www.airbnb.com/rooms/23958598,2022-12-19,within an hour,100%,99%,t,"['email', 'phone']",Cuauhtémoc,Room in serviced apartment,Hotel room,1 bath,"[""Pool"", ""Iron"", ""Washer"", ""Elevator"", ""Wifi"", ""Cleaning available during stay"", ""Refrigerator"", ""Dishes and silverware"", ""Self check-in"", ""Portable fans"", ""Hangers"", ""Carbon monoxide alarm"", ""Coffee maker"", ""Long term stays allowed"", ""First aid kit"", ""Essentials"", ""Dryer"", ""Luggage dropoff allowed"", ""TV"", ""Patio or balcony"", ""Bed linens"", ""Kitchen"", ""Conditioner"", ""Paid parking off premises"", ""Smoke alarm"", ""Extra pillows and blankets"", ""Fire extinguisher"", ""Clothing storage"", ""Gym"", ""Microwave"", ""Cooking basics"", ""Hair dryer"", ""Building staff""]","$1,990.00",t,2018-06-02,2023-08-27,t,23958598,492066501,19.0,25.0,19.42516,-99.16868,2.0,1.0,0.0,1.0,1.0,1125,1.0,1125.0,28,49,79,354,14.0,0.0,0.0,4.8,4.8,4.57,4.9,4.9,4.64,4.43,9.0,8.0,0.0,0.0,0.18
https://www.airbnb.com/rooms/23959123,2022-10-31,within an hour,100%,97%,t,['phone'],Cuauhtémoc,Room in serviced apartment,Hotel room,1 bath,"[""Dryer"", ""Iron"", ""Washer"", ""TV"", ""Carbon monoxide alarm"", ""Wifi"", ""Elevator"", ""Fire extinguisher"", ""Kitchen"", ""First aid kit"", ""Self check-in"", ""Gym"", ""Essentials"", ""Hangers"", ""Smoke alarm"", ""Hair dryer"", ""Building staff""]","$1,990.00",t,2018-03-27,2023-08-27,f,23959123,485786839,8.0,11.0,19.42595,-99.16855,2.0,1.0,0.0,1.0,1.0,1125,1.0,1125.0,28,49,79,354,17.0,0.0,0.0,4.59,4.8,4.65,4.65,4.94,4.88,4.41,8.0,5.0,0.0,0.0,0.21
https://www.airbnb.com/rooms/27426950,2018-02-23,within an hour,100%,100%,t,"['email', 'phone']",Iztacalco,Room in serviced apartment,Hotel room,1 shared bath,"[""Shared patio or balcony"", ""Iron"", ""Outdoor furniture"", ""Freezer"", ""Pantene shampoo"", ""Laundromat nearby"", ""Host greets you"", ""Refrigerator"", ""Mosquito net"", ""Ethernet connection"", ""Dishes and silverware"", ""Indoor fireplace: electric"", ""Blender"", ""Portable fans"", ""Hangers"", ""Carbon monoxide alarm"", ""Coffee maker"", ""Hot water kettle"", ""Long term stays allowed"", ""First aid kit"", ""Toaster"", ""Essentials"", ""Hot water"", ""Smoking allowed"", ""Dining table"", ""Shower gel"", ""Dove Body Wash body soap"", ""Outdoor playground"", ""Paid street parking off premises"", ""Luggage dropoff allowed"", ""Pocket wifi"", ""32 inch HDTV with standard cable"", ""Coffee"", ""Bed linens"", ""Kitchen"", ""Shared backyard \u2013 Fully fenced"", ""Other gas stove"", ""Oven"", ""Rice maker"", ""Outdoor dining area"", ""Books and reading material"", ""Smoke alarm"", ""Extra pillows and blankets"", ""Outlet covers"", ""Cleaning products"", ""Room-darkening shades"", ""Wine glasses"", ""Pantene conditioner"", ""Free street parking"", ""Fast wifi \u2013 115 Mbps"", ""Exterior security cameras on property"", ""Dedicated workspace"", ""Cooking basics"", ""Hair dryer"", ""Microwave""]",$120.00,t,2018-08-22,2024-09-23,f,27426950,175000876,5.0,5.0,19.40179,-99.2,2.0,1.0,1.0,2.0,1.0,1125,1.0,1125.0,25,47,77,148,65.0,9.0,1.0,4.92,4.88,4.82,4.94,4.94,4.89,4.72,5.0,1.0,3.0,0.0,0.88
https://www.airbnb.com/rooms/27778699,2017-01-10,within a few hours,100%,89%,f,"['email', 'phone']",Álvaro Obregón,Room in boutique hotel,Hotel room,1 bath,"[""Iron"", ""Hair dryer"", ""TV"", ""Wifi"", ""Exterior security cameras on property"", ""Fire extinguisher"", ""Kitchen"", ""Self check-in"", ""Essentials"", ""Free street parking"", ""Shampoo"", ""Hot water"", ""Pets allowed"", ""Cooking basics"", ""Lockbox"", ""Hangers""]",$120.00,t,2019-02-24,2021-11-05,t,27778699,110805631,14.0,15.0,19.36071,-99.18928,6.0,1.0,1.0,2.0,1.0,1125,1.0,1125.0,30,60,90,365,4.0,0.0,0.0,4.8,4.8,4.8,4.9,4.9,4.9,4.8,14.0,1.0,1.8,0.0,0.06
https://www.airbnb.com/rooms/29574790,2015-06-18,within an hour,99%,100%,t,"['email', 'phone']",Cuauhtémoc,Room in serviced apartment,Hotel room,1 private bath,"[""Iron"", ""Washer"", ""Cleaning available during stay"", ""Heating - split type ductless system"", ""Dishes and silverware"", ""Self check-in"", ""AC - split type ductless system"", ""Hangers"", ""Mini fridge"", ""Body soap"", ""Carbon monoxide alarm"", ""Wifi \u2013 42 Mbps"", ""Breakfast"", ""Long term stays allowed"", ""Keypad"", ""Free dryer \u2013 In building"", ""Essentials"", ""Shampoo"", ""Hot water"", ""HDTV"", ""Crib - available upon request"", ""Clothing storage: closet"", ""Luggage dropoff allowed"", ""Coffee"", ""Patio or balcony"", ""Paid parking off premises"", ""Smoke alarm"", ""Cleaning products"", ""Room-darkening shades"", ""Pack \u2019n play/Travel crib"", ""Wine glasses"", ""Coffee maker: Nespresso"", ""Dedicated workspace"", ""Smoking allowed"", ""Hair dryer""]","$1,739.00",t,2018-10-28,2024-09-22,f,29574790,36166922,19.2,22.5,19.41092,-99.16882,2.0,1.0,1.0,1.0,2.0,730,2.0,730.0,8,17,28,105,37.5,42.0,3.0,4.93,4.94,4.93,4.79,4.89,5.0,4.9,26.0,6.6,1.0,0.0,2.86
https://www.airbnb.com/rooms/31054539,2016-06-18,within an hour,100%,100%,t,"['email', 'phone', 'work_email']",Cuauhtémoc,Room in serviced apartment,Hotel room,1 private bath,"[""Extra pillows and blankets"", ""Iron"", ""Backyard"", ""Wifi"", ""Elevator"", ""Exterior security cameras on property"", ""Fire extinguisher"", ""Host greets you"", ""Bed linens"", ""Long term stays allowed"", ""Essentials"", ""Hot water"", ""Dedicated workspace"", ""Hangers""]",$293.00,t,2018-12-31,2024-09-24,f,31054539,78456925,5.0,7.0,19.40307,-99.1705,2.0,1.0,1.0,1.0,3.0,1125,3.0,1125.0,0,10,20,263,37.5,24.0,2.0,4.79,4.91,4.89,4.94,4.88,4.91,4.83,5.0,0.0,3.0,0.0,2.63
https://www.airbnb.com/rooms/31307371,2019-01-04,within an hour,100%,100%,t,"['email', 'phone']",Miguel Hidalgo,Room in hotel,Hotel room,1 private bath,"[""Iron"", ""Washer"", ""TV"", ""Wifi"", ""Luggage dropoff allowed"", ""Exterior security cameras on property"", ""Fire extinguisher"", ""Long term stays allowed"", ""Self check-in"", ""Essentials"", ""Shampoo"", ""Hot water"", ""Building staff"", ""Dedicated workspace"", ""Smoking allowed"", ""Smoke alarm"", ""Hangers"", ""Mini fridge""]",$120.00,t,2019-04-04,2024-02-04,t,31307371,234325486,12.0,13.0,19.45618,-99.17889,6.0,1.0,1.0,2.0,1.0,30,1.0,30.0,25,55,84,356,6.0,1.0,0.0,4.8,4.8,4.5,4.9,4.9,4.9,4.8,12.0,0.0,0.0,0.0,0.09
https://www.airbnb.com/rooms/31307837,2019-01-04,within an hour,100%,100%,t,"['email', 'phone']",Miguel Hidalgo,Room in hotel,Hotel room,1 private bath,"[""Iron"", ""Washer"", ""Luggage dropoff allowed"", ""Wifi"", ""Fire extinguisher"", ""Smoking allowed"", ""Long term stays allowed"", ""Self check-in"", ""Essentials"", ""Shampoo"", ""Hot water"", ""Dedicated workspace"", ""TV with Netflix"", ""Smoke alarm"", ""Hangers"", ""Building staff""]",$120.00,t,2022-02-17,2023-04-03,t,31307837,234325486,12.0,13.0,19.45618,-99.17889,4.0,1.0,1.0,2.0,1.0,30,1.0,30.0,29,59,88,360,2.0,0.0,0.0,5.0,5.0,4.5,5.0,5.0,5.0,5.0,12.0,0.0,0.0,0.0,0.06
https://www.airbnb.com/rooms/31315704,2019-01-04,within an hour,100%,100%,t,"['email', 'phone']",Miguel Hidalgo,Room in hotel,Hotel room,1 private bath,"[""Iron"", ""Washer"", ""Luggage dropoff allowed"", ""Wifi"", ""Fire extinguisher"", ""Long term stays allowed"", ""Self check-in"", ""TV with DVD player"", ""Essentials"", ""Shampoo"", ""Hot water"", ""Dedicated workspace"", ""Smoking allowed"", ""Smoke alarm"", ""Hangers"", ""Building staff""]",$120.00,t,2019-11-02,2019-11-02,t,31315704,234325486,12.0,13.0,19.45618,-99.17889,3.0,1.0,1.0,2.0,1.0,30,1.0,30.0,28,55,84,331,1.0,0.0,0.0,4.8,5.0,5.0,5.0,5.0,5.0,4.8,12.0,0.0,0.0,0.0,0.02
https://www.airbnb.com/rooms/31315705,2019-01-04,within an hour,100%,100%,t,"['email', 'phone']",Miguel Hidalgo,Room in hotel,Hotel room,1 private bath,"[""Iron"", ""Outdoor furniture"", ""Children\u2019s books and toys"", ""Self check-in"", ""Hangers"", ""Hammock"", ""Long term stays allowed"", ""Essentials"", ""Shampoo"", ""Hot water"", ""Luggage dropoff allowed"", ""TV"", ""BBQ grill"", ""Outdoor dining area"", ""Fast wifi \u2013 52 Mbps"", ""Smoke alarm"", ""Fire extinguisher"", ""Paid washer"", ""Dedicated workspace"", ""Smoking allowed"", ""Building staff""]",$120.00,t,2019-10-21,2019-11-03,t,31315705,234325486,12.0,13.0,19.45618,-99.17889,2.0,1.0,1.0,2.0,1.0,30,1.0,30.0,0,0,0,0,2.0,0.0,0.0,4.8,4.8,5.0,4.9,4.9,4.9,4.5,12.0,0.0,0.0,0.0,0.03
https://www.airbnb.com/rooms/31315726,2019-01-04,within an hour,100%,100%,t,"['email', 'phone']",Miguel Hidalgo,Room in hotel,Hotel room,1 private bath,"[""Iron"", ""Washer"", ""TV"", ""Wifi"", ""Luggage dropoff allowed"", ""Fire extinguisher"", ""Long term stays allowed"", ""Refrigerator"", ""Self check-in"", ""Essentials"", ""Shampoo"", ""Hot water"", ""Dedicated workspace"", ""Smoking allowed"", ""Smoke alarm"", ""Hangers"", ""Building staff""]",$120.00,t,2022-04-17,2023-10-15,t,31315726,234325486,12.0,13.0,19.45618,-99.17889,4.0,1.0,1.0,2.0,1.0,30,1.0,30.0,26,53,82,354,4.0,1.0,0.0,5.0,5.0,5.0,5.0,5.0,5.0,4.75,12.0,0.0,0.0,0.0,0.13
https://www.airbnb.com/rooms/31315727,2019-01-04,within an hour,100%,100%,t,"['email', 'phone']",Miguel Hidalgo,Room in hotel,Hotel room,1 shared bath,"[""Iron"", ""Washer"", ""Wifi"", ""Refrigerator"", ""Dishes and silverware"", ""Self check-in"", ""Hangers"", ""Carbon monoxide alarm"", ""Coffee maker"", ""Backyard"", ""Long term stays allowed"", ""Essentials"", ""Shampoo"", ""Hot water"", ""Luggage dropoff allowed"", ""TV"", ""Coffee"", ""Patio or balcony"", ""Outdoor dining area"", ""EV charger"", ""Smoke alarm"", ""Fire extinguisher"", ""Exterior security cameras on property"", ""Dedicated workspace"", ""Smoking allowed"", ""Building staff""]",$120.00,t,2019-02-23,2024-08-18,t,31315727,234325486,12.0,13.0,19.45618,-99.17889,2.0,1.0,1.0,2.0,1.0,30,1.0,30.0,18,38,63,335,23.0,8.0,0.0,4.7,4.83,4.43,4.96,4.78,4.87,4.57,12.0,0.0,0.0,0.0,0.34
https://www.airbnb.com/rooms/31311837,2019-01-04,within an hour,100%,100%,t,"['email', 'phone']",Miguel Hidalgo,Room in hotel,Hotel room,1 private bath,"[""Iron"", ""Wifi"", ""Refrigerator"", ""Mosquito net"", ""Dishes and silverware"", ""Self check-in"", ""Building staff"", ""Hangers"", ""Mini fridge"", ""Carbon monoxide alarm"", ""Coffee maker"", ""Paid washer \u2013 In unit"", ""Paid parking lot on premises \u2013 4 spaces"", ""Long term stays allowed"", ""Essentials"", ""Shampoo"", ""Hot water"", ""Luggage dropoff allowed"", ""Patio or balcony"", ""Board games"", ""32 inch TV with Netflix"", ""Outdoor dining area"", ""Smoke alarm"", ""Cleaning products"", ""Fire extinguisher"", ""Room-darkening shades"", ""Exterior security cameras on property"", ""Dedicated workspace"", ""Cooking basics"", ""Microwave""]",$120.00,t,2019-02-03,2023-11-07,t,31311837,234325486,12.0,13.0,19.45618,-99.17889,5.0,1.0,1.0,2.0,1.0,30,1.0,30.0,29,47,76,323,9.0,1.0,0.0,4.8,4.8,4.44,4.9,4.9,4.9,4.44,12.0,0.0,0.0,0.0,0.13
https://www.airbnb.com/rooms/31312409,2019-01-04,within an hour,100%,100%,t,"['email', 'phone']",Miguel Hidalgo,Room in hotel,Hotel room,1 private bath,"[""Iron"", ""Washer"", ""Luggage dropoff allowed"", ""Wifi"", ""Exterior security cameras on property"", ""Fire extinguisher"", ""Long term stays allowed"", ""Self check-in"", ""Essentials"", ""Shampoo"", ""Hot water"", ""Building staff"", ""HDTV with Netflix"", ""Dedicated workspace"", ""Smoking allowed"", ""Smoke alarm"", ""Hangers"", ""Mini fridge""]",$120.00,t,2019-01-10,2024-02-04,t,31312409,234325486,12.0,13.0,19.45618,-99.17889,6.0,1.0,1.0,2.0,1.0,30,1.0,30.0,26,52,81,353,7.0,1.0,0.0,4.8,4.8,4.57,4.9,4.9,4.9,4.8,12.0,0.0,0.0,0.0,0.1
https://www.airbnb.com/rooms/31312417,2019-01-04,within an hour,100%,100%,t,"['email', 'phone']",Miguel Hidalgo,Room in hotel,Hotel room,1 private bath,"[""Iron"", ""Washer"", ""Wifi"", ""Dishes and silverware"", ""Self check-in"", ""Hangers"", ""Long term stays allowed"", ""Essentials"", ""Shampoo"", ""Smoking allowed"", ""Hot water"", ""TV with Netflix"", ""Luggage dropoff allowed"", ""Smoke alarm"", ""Fire extinguisher"", ""Exterior security cameras on property"", ""Dedicated workspace"", ""Cooking basics"", ""Paid parking off premises"", ""Building staff""]",$120.00,t,2019-06-16,2023-03-04,t,31312417,234325486,12.0,13.0,19.45618,-99.17889,4.0,1.0,1.0,2.0,1.0,30,1.0,30.0,29,58,87,359,7.0,0.0,0.0,4.57,4.71,4.43,5.0,5.0,4.86,4.71,12.0,0.0,0.0,0.0,0.11
https://www.airbnb.com/rooms/31314962,2019-01-04,within an hour,100%,100%,t,"['email', 'phone']",Miguel Hidalgo,Room in hotel,Hotel room,1 private bath,"[""Iron"", ""Carbon monoxide alarm"", ""Wifi"", ""Fire extinguisher"", ""Self check-in"", ""Essentials"", ""Smoking allowed"", ""Dedicated workspace"", ""TV with Netflix"", ""Smoke alarm"", ""Hangers"", ""Building staff""]",$120.00,t,2019-11-18,2023-06-25,t,31314962,234325486,12.0,13.0,19.45702,-99.17842,3.0,1.0,1.0,2.0,1.0,30,1.0,30.0,23,53,82,350,5.0,0.0,0.0,4.8,4.8,4.8,4.9,4.9,4.9,4.8,12.0,0.0,0.0,0.0,0.08
https://www.airbnb.com/rooms/31315138,2019-01-04,within an hour,100%,100%,t,"['email', 'phone']",Miguel Hidalgo,Room in hotel,Hotel room,1 private bath,"[""Iron"", ""Wifi"", ""Mosquito net"", ""Self check-in"", ""Portable fans"", ""Hangers"", ""Mini fridge"", ""Paid parking lot on premises \u2013 4 spaces"", ""Long term stays allowed"", ""Essentials"", ""Shampoo"", ""Hot water"", ""Luggage dropoff allowed"", ""32 inch TV with Netflix"", ""Smoke alarm"", ""Neutro body soap"", ""Fire extinguisher"", ""Clothing storage: dresser"", ""Paid washer"", ""Exterior security cameras on property"", ""Dedicated workspace"", ""Smoking allowed"", ""Building staff""]",$120.00,t,2021-11-07,2022-03-21,t,31315138,234325486,12.0,13.0,19.45618,-99.17889,2.0,1.0,1.0,2.0,1.0,30,1.0,30.0,0,0,0,0,3.0,0.0,0.0,4.8,4.8,4.8,4.9,4.9,4.9,4.8,12.0,0.0,0.0,0.0,0.09
https://www.airbnb.com/rooms/31315549,2019-01-04,within an hour,100%,100%,t,"['email', 'phone']",Miguel Hidalgo,Room in hotel,Hotel room,1 private bath,"[""Iron"", ""Wifi"", ""Self check-in"", ""Hangers"", ""Body soap"", ""Long term stays allowed"", ""Essentials"", ""Shampoo"", ""Hot water"", ""Dining table"", ""Luggage dropoff allowed"", ""TV"", ""Coffee"", ""Smoke alarm"", ""Fire extinguisher"", ""Paid washer"", ""Dedicated workspace"", ""Smoking allowed"", ""Building staff""]",$120.00,t,2021-10-31,2022-06-04,t,31315549,234325486,12.0,13.0,19.45618,-99.17889,2.0,1.0,1.0,2.0,1.0,30,1.0,30.0,29,58,86,358,10.0,0.0,0.0,4.5,4.6,4.7,4.9,4.6,4.9,4.8,12.0,0.0,0.0,0.0,0.28
https://www.airbnb.com/rooms/31468145,2018-12-21,within an hour,100%,93%,f,"['email', 'phone']",Miguel Hidalgo,Room in bed and breakfast,Hotel room,1 private bath,"[""Free parking on premises"", ""TV"", ""Wifi"", ""Backyard"", ""Fire extinguisher"", ""First aid kit"", ""Self check-in"", ""Free street parking"", ""Exterior security cameras on property"", ""Dedicated workspace"", ""Smoke alarm"", ""Building staff""]",$600.00,t,2020-02-25,2024-04-18,f,31468145,231841797,4.0,4.0,19.42512,-99.2,1.0,1.0,1.0,1.0,1.0,360,1.0,360.0,30,60,90,365,43.0,3.0,0.0,4.56,4.65,4.51,4.79,4.53,5.0,4.65,4.0,0.0,3.0,0.0,0.77
https://www.airbnb.com/rooms/32105928,2016-04-26,within an hour,100%,100%,t,"['email', 'phone']",Coyoacán,Room in boutique hotel,Hotel room,1 private bath,"[""Iron"", ""Wifi"", ""Heating"", ""Host greets you"", ""Window AC unit"", ""Refrigerator"", ""Dishes and silverware"", ""Hangers"", ""Mini fridge"", ""Free parking on premises"", ""Body soap"", ""Carbon monoxide alarm"", ""Coffee maker"", ""Breakfast"", ""Long term stays allowed"", ""First aid kit"", ""Essentials"", ""Shampoo"", ""Hot water"", ""Luggage dropoff allowed"", ""TV with standard cable"", ""Bed linens"", ""Kitchen"", ""Conditioner"", ""Smoke alarm"", ""Stove"", ""Fire extinguisher"", ""Room-darkening shades"", ""Pack \u2019n play/Travel crib"", ""Exterior security cameras on property"", ""Cooking basics"", ""Hair dryer"", ""Microwave""]",$120.00,t,2019-03-12,2024-06-27,t,32105928,69008113,9.0,9.0,19.34856,-99.16461,4.0,1.0,1.0,2.0,1.0,365,1.0,365.0,7,16,36,288,30.0,2.0,0.0,5.0,5.0,5.0,5.0,5.0,4.97,5.0,9.0,0.0,1.8,0.0,0.44
https://www.airbnb.com/rooms/32527606,2022-10-31,within an hour,100%,97%,t,['phone'],Cuauhtémoc,Room in serviced apartment,Hotel room,1 bath,"[""Iron"", ""Washer"", ""Elevator"", ""Wifi"", ""Refrigerator"", ""Dishes and silverware"", ""Self check-in"", ""Portable fans"", ""Hangers"", ""Body soap"", ""Carbon monoxide alarm"", ""Coffee maker"", ""First aid kit"", ""Essentials"", ""Hot water"", ""Dryer"", ""TV"", ""Babysitter recommendations"", ""Patio or balcony"", ""Bed linens"", ""Kitchen"", ""Conditioner"", ""Paid parking off premises"", ""Smoke alarm"", ""Extra pillows and blankets"", ""Indoor fireplace"", ""Fire extinguisher"", ""Gym"", ""Microwave"", ""Hair dryer"", ""Building staff""]","$1,994.00",t,2020-06-30,2023-08-27,f,32527606,485786839,8.0,11.0,19.42429,-99.17142,2.0,1.0,0.0,1.0,1.0,1125,1.0,1125.0,28,49,79,354,4.0,0.0,0.0,4.75,4.75,5.0,5.0,5.0,5.0,4.5,8.0,5.0,0.0,0.0,0.08
https://www.airbnb.com/rooms/32343685,2014-12-27,within an hour,100%,100%,f,"['email', 'phone', 'work_email']",Cuauhtémoc,Room in boutique hotel,Hotel room,1 private bath,"[""Iron"", ""Carbon monoxide alarm"", ""TV"", ""Wifi"", ""Heating"", ""Exterior security cameras on property"", ""Fire extinguisher"", ""Breakfast"", ""Private backyard \u2013 Fully fenced"", ""Air conditioning"", ""Self check-in"", ""Essentials"", ""Shampoo"", ""Hangers"", ""Smoke alarm"", ""Hair dryer"", ""Building staff""]","$5,843.00",t,2020-09-07,2023-10-08,t,32343685,25246983,7.0,7.0,19.43333,-99.13457,2.0,1.0,1.0,1.0,1.0,370,1.0,370.0,19,30,30,30,9.0,1.0,0.0,5.0,5.0,5.0,5.0,5.0,5.0,5.0,7.0,1.0,0.0,0.0,0.18
https://www.airbnb.com/rooms/33246931,2016-04-18,a few days or more,100%,100%,t,"['email', 'phone', 'work_email']",Miguel Hidalgo,Room in serviced apartment,Hotel room,1 bath,"[""Iron"", ""Wifi"", ""Window AC unit"", ""Refrigerator"", ""Dishes and silverware"", ""Self check-in"", ""Pets allowed"", ""Building staff"", ""Ceiling fan"", ""Hangers"", ""Free parking on premises"", ""Coffee maker"", ""Toaster"", ""Essentials"", ""Hot water"", ""Crib - available upon request"", ""Clothing storage: closet"", ""Paid street parking off premises"", ""TV"", ""Free dryer \u2013 In unit"", ""Bed linens"", ""Kitchen"", ""Central heating"", ""Smoke alarm"", ""Stove"", ""Safe"", ""Fire extinguisher"", ""Room-darkening shades"", ""Exterior security cameras on property"", ""Cooking basics"", ""Free washer \u2013 In unit"", ""Hair dryer"", ""Microwave""]",$120.00,t,09/11/2011,26/03/2023,f,33246931,67744437,9.0,10.0,19.43606,-99.19521,4.0,1.0,2.0,2.0,3.0,1125,3.0,1125.0,0,0,0,0,0.0,0.0,0.0,4.91,4.9,4.84,4.8,4.8,4.8,4.7,9.0,8.0,0.0,0.0,1.7
https://www.airbnb.com/rooms/33366224,2019-01-29,within a few hours,100%,100%,f,"['email', 'phone']",Benito Juárez,Room in serviced apartment,Hotel room,1 bath,"[""Luggage dropoff allowed"", ""TV"", ""Wifi"", ""Host greets you"", ""Kitchen"", ""Long term stays allowed"", ""Essentials"", ""Shampoo"", ""Hot water"", ""Hangers""]",$120.00,t,2019-07-21,2023-10-30,t,33366224,239812412,5.0,6.0,19.37099,-99.18776,2.0,1.0,1.0,2.0,1.0,600,1.0,600.0,0,0,0,268,2.0,1.0,0.0,5.0,5.0,5.0,5.0,5.0,5.0,5.0,5.0,1.0,0.0,0.0,0.03
https://www.airbnb.com/rooms/33366824,2019-01-29,within a few hours,100%,100%,f,"['email', 'phone']",Benito Juárez,Room in serviced apartment,Hotel room,1 bath,"[""Iron"", ""Wifi"", ""Host greets you"", ""Refrigerator"", ""Dishes and silverware"", ""Hangers"", ""Coffee maker"", ""Long term stays allowed"", ""Essentials"", ""Shampoo"", ""Hot water"", ""Luggage dropoff allowed"", ""TV with standard cable"", ""Kitchen"", ""Paid parking off premises"", ""Stove"", ""Extra pillows and blankets"", ""Microwave"", ""Cooking basics"", ""Hair dryer""]",$890.00,t,2019-07-30,2023-12-03,t,33366824,239812412,5.0,6.0,19.37123,-99.18814,2.0,1.0,1.0,1.0,2.0,700,2.0,700.0,29,59,89,364,8.0,2.0,0.0,5.0,4.88,5.0,5.0,4.75,4.88,5.0,5.0,1.0,0.0,0.0,0.13
https://www.airbnb.com/rooms/33367267,2019-01-29,within a few hours,100%,100%,f,"['email', 'phone']",Benito Juárez,Room in serviced apartment,Hotel room,1 bath,"[""Luggage dropoff allowed"", ""TV"", ""Wifi"", ""Patio or balcony"", ""Host greets you"", ""Kitchen"", ""Long term stays allowed"", ""Refrigerator"", ""Essentials"", ""Shampoo"", ""Hot water"", ""Hangers""]",$120.00,t,2019-10-06,2022-05-15,f,33367267,239812412,5.0,6.0,19.37109,-99.18977,2.0,1.0,1.0,2.0,1.0,600,1.0,600.0,0,15,45,320,2.0,0.0,0.0,5.0,5.0,5.0,5.0,5.0,5.0,5.0,5.0,1.0,0.0,0.0,0.03
https://www.airbnb.com/rooms/33644111,2019-04-02,within an hour,100%,100%,t,"['email', 'phone', 'work_email']",Cuauhtémoc,Room in boutique hotel,Hotel room,1 bath,"[""Washer"", ""Wifi"", ""Private patio or balcony"", ""Refrigerator"", ""Self check-in"", ""Hangers"", ""Carbon monoxide alarm"", ""First aid kit"", ""Essentials"", ""Shampoo"", ""Dryer"", ""TV"", ""Kitchen"", ""Smoke alarm"", ""Stove"", ""Fire extinguisher"", ""Exterior security cameras on property"", ""Cooking basics"", ""Lockbox"", ""Microwave""]","$7,729.00",t,09/11/2011,26/03/2023,f,33644111,252901192,6.0,6.0,19.41425,-99.16339,2.0,1.5,1.0,1.0,3.0,29,2.8,1125.0,21,36,62,337,0.0,0.0,0.0,4.91,4.9,4.84,4.8,4.8,4.8,4.7,6.0,1.0,4.0,0.0,1.7
https://www.airbnb.com/rooms/33720782,2015-10-19,within an hour,100%,93%,f,"['email', 'phone']",Miguel Hidalgo,Room in bed and breakfast,Hotel room,1 private bath,"[""Iron"", ""Washer"", ""Wifi"", ""Refrigerator"", ""Dishes and silverware"", ""Self check-in"", ""Building staff"", ""Hangers"", ""Coffee maker"", ""Breakfast"", ""Long term stays allowed"", ""First aid kit"", ""Essentials"", ""Shampoo"", ""Hot water"", ""Smoking allowed"", ""Dryer"", ""Luggage dropoff allowed"", ""TV"", ""Patio or balcony"", ""Kitchen"", ""Oven"", ""BBQ grill"", ""Paid parking off premises"", ""Smoke alarm"", ""Stove"", ""Fire extinguisher"", ""Free street parking"", ""Exterior security cameras on property"", ""Dedicated workspace"", ""Cooking basics"", ""Hair dryer"", ""Microwave""]","$1,050.00",t,2019-06-23,2024-09-16,t,33720782,46981156,8.0,10.0,19.41337,-99.18208,2.0,1.0,1.0,1.0,2.0,1125,2.0,1125.0,29,59,89,364,19.0,5.0,1.0,4.79,4.63,4.74,4.79,4.74,4.53,4.68,7.0,0.0,1.8,0.0,0.3
https://www.airbnb.com/rooms/34305556,2017-01-10,within a few hours,100%,89%,f,"['email', 'phone']",Álvaro Obregón,Room in boutique hotel,Hotel room,1 private bath,"[""Iron"", ""TV"", ""Wifi"", ""Exterior security cameras on property"", ""Breakfast"", ""Self check-in"", ""Essentials"", ""Shampoo"", ""Hangers"", ""Cooking basics"", ""Lockbox"", ""Hair dryer""]",$120.00,t,2024-04-26,2024-04-26,f,34305556,110805631,14.0,15.0,19.36082,-99.18874,2.0,1.0,1.0,2.0,1.0,1125,1.0,1125.0,0,24,54,329,1.0,1.0,0.0,5.0,5.0,5.0,5.0,5.0,5.0,5.0,14.0,1.0,1.8,0.0,0.19
https://www.airbnb.com/rooms/34393821,2017-11-12,a few days or more,100%,92%,f,"['email', 'phone']",Coyoacán,Room in casa particular,Hotel room,1 shared bath,"[""Hair dryer"", ""Wifi"", ""Exterior security cameras on property"", ""Breakfast"", ""First aid kit"", ""Essentials"", ""Shampoo"", ""Hot water"", ""Smoking allowed"", ""Hangers""]",$120.00,t,09/11/2011,26/03/2023,f,34393821,158491530,1.0,1.0,19.35653,-99.13197,1.0,1.0,1.0,2.0,2.0,2,2.0,2.0,0,0,0,0,0.0,0.0,0.0,4.91,4.9,4.84,4.8,4.8,4.8,4.7,1.0,0.0,0.0,0.0,1.7
https://www.airbnb.com/rooms/34411295,2018-03-21,within an hour,100%,100%,f,"['email', 'phone']",Cuauhtémoc,Room in bed and breakfast,Hotel room,1 private bath,"[""Iron"", ""Hair dryer"", ""TV"", ""Carbon monoxide alarm"", ""Wifi"", ""Exterior security cameras on property"", ""Fire extinguisher"", ""Breakfast"", ""Keypad"", ""First aid kit"", ""Self check-in"", ""Essentials"", ""Oven"", ""Shampoo"", ""Hot water"", ""Smoke alarm"", ""Hangers"", ""Stove""]","$3,995.00",t,2019-06-01,2020-03-08,t,34411295,179833599,9.0,9.0,19.43024,-99.17025,2.0,1.0,1.5,1.0,1.0,1125,1.0,30.0,5,9,24,274,40.0,0.0,0.0,4.9,4.93,5.0,4.93,4.95,5.0,4.88,8.0,0.0,2.0,0.0,0.62
https://www.airbnb.com/rooms/34621455,2010-08-09,within an hour,100%,93%,t,"['email', 'phone', 'work_email']",Cuauhtémoc,Room in serviced apartment,Hotel room,1 private bath,"[""Iron"", ""Carbon monoxide alarm"", ""Wifi"", ""TV with standard cable"", ""Exterior security cameras on property"", ""Fire extinguisher"", ""Host greets you"", ""Kitchen"", ""Essentials"", ""Shampoo"", ""Hangers"", ""Cooking basics"", ""Smoke alarm"", ""Hair dryer""]",$120.00,t,2024-09-11,2024-09-11,t,34621455,196253,12.0,13.0,19.41008,-99.17827,3.0,1.0,1.0,2.0,1.0,365,2.0,365.0,27,31,57,332,1.0,1.0,1.0,5.0,5.0,5.0,5.0,5.0,5.0,5.0,8.0,4.0,1.0,0.0,1.0
https://www.airbnb.com/rooms/34740045,2019-01-29,within a few hours,100%,100%,f,"['email', 'phone']",Benito Juárez,Room in serviced apartment,Hotel room,1 bath,"[""Dryer"", ""Body soap"", ""Cleaning products"", ""Iron"", ""TV"", ""Wifi"", ""Luggage dropoff allowed"", ""Hangers"", ""Host greets you"", ""Kitchen"", ""Long term stays allowed"", ""Dishes and silverware"", ""Essentials"", ""Shampoo"", ""Hot water"", ""Cooking basics"", ""Hair dryer""]",$120.00,t,2023-10-30,2023-10-30,f,34740045,239812412,5.0,6.0,19.37002,-99.18933,2.0,1.0,1.0,2.0,1.0,600,1.0,600.0,0,0,4,279,1.0,1.0,0.0,5.0,5.0,5.0,5.0,5.0,5.0,5.0,5.0,1.0,0.0,0.0,0.09
https://www.airbnb.com/rooms/35013170,2018-03-21,within an hour,100%,100%,f,"['email', 'phone']",Cuauhtémoc,Room in bed and breakfast,Hotel room,1 private bath,"[""Iron"", ""Wifi"", ""Refrigerator"", ""Dishes and silverware"", ""Self check-in"", ""Hangers"", ""Carbon monoxide alarm"", ""Coffee maker"", ""Breakfast"", ""Long term stays allowed"", ""Keypad"", ""First aid kit"", ""Essentials"", ""Shampoo"", ""Hot water"", ""Luggage dropoff allowed"", ""TV"", ""Smoke alarm"", ""Fire extinguisher"", ""Exterior security cameras on property"", ""Cooking basics"", ""Hair dryer"", ""Microwave""]","$4,813.00",t,2019-06-02,2019-11-16,t,35013170,179833599,9.0,9.0,19.43013,-99.16986,2.0,1.0,1.5,1.0,1.0,1125,1.0,30.0,9,15,32,300,20.0,0.0,0.0,5.0,5.0,5.0,5.0,5.0,5.0,4.95,8.0,0.0,2.0,0.0,0.31
https://www.airbnb.com/rooms/35013417,2018-03-21,within an hour,100%,100%,f,"['email', 'phone']",Cuauhtémoc,Room in bed and breakfast,Hotel room,1 private bath,"[""Iron"", ""Wifi"", ""Refrigerator"", ""Self check-in"", ""Hangers"", ""Carbon monoxide alarm"", ""Coffee maker"", ""Breakfast"", ""Keypad"", ""First aid kit"", ""Essentials"", ""Shampoo"", ""Hot water"", ""TV"", ""Oven"", ""Smoke alarm"", ""Fire extinguisher"", ""Exterior security cameras on property"", ""Cooking basics"", ""Hair dryer"", ""Microwave""]","$4,813.00",t,2019-06-02,2019-11-14,t,35013417,179833599,9.0,9.0,19.42931,-99.17144,2.0,1.0,1.5,1.0,1.0,1125,1.0,30.0,8,13,36,290,19.0,0.0,0.0,5.0,5.0,4.95,4.89,4.84,5.0,5.0,8.0,0.0,2.0,0.0,0.29
https://www.airbnb.com/rooms/35013542,2018-03-21,within an hour,100%,100%,f,"['email', 'phone']",Cuauhtémoc,Room in bed and breakfast,Hotel room,1 shared bath,"[""Iron"", ""Hair dryer"", ""TV"", ""Carbon monoxide alarm"", ""Wifi"", ""Exterior security cameras on property"", ""Fire extinguisher"", ""Breakfast"", ""First aid kit"", ""Dishes and silverware"", ""Essentials"", ""Shampoo"", ""Hot water"", ""Smoke alarm"", ""Hangers""]","$5,733.00",t,2019-05-30,2021-09-02,t,35013542,179833599,9.0,9.0,19.43157,-99.17092,2.0,1.0,1.5,1.0,1.0,1125,1.0,30.0,7,14,33,303,40.0,0.0,0.0,5.0,5.0,4.93,4.98,4.93,4.98,4.98,8.0,0.0,2.0,0.0,0.62
https://www.airbnb.com/rooms/35013767,2018-03-21,within an hour,100%,100%,f,"['email', 'phone']",Cuauhtémoc,Room in bed and breakfast,Hotel room,1 bath,"[""Iron"", ""Hair dryer"", ""TV"", ""Carbon monoxide alarm"", ""Wifi"", ""Coffee maker"", ""Fire extinguisher"", ""Breakfast"", ""Keypad"", ""First aid kit"", ""Self check-in"", ""Essentials"", ""Shampoo"", ""Hot water"", ""Smoke alarm"", ""Hangers""]","$4,813.00",t,2019-06-28,2019-07-07,t,35013767,179833599,9.0,9.0,19.43136,-99.17074,2.0,1.5,1.0,1.0,1.0,1125,1.0,30.0,9,14,28,254,2.0,0.0,0.0,5.0,5.0,5.0,5.0,5.0,5.0,4.5,8.0,0.0,2.0,0.0,0.03
https://www.airbnb.com/rooms/35013861,2018-03-21,within an hour,100%,100%,f,"['email', 'phone']",Cuauhtémoc,Room in bed and breakfast,Hotel room,1 private bath,"[""Iron"", ""Wifi"", ""Refrigerator"", ""Self check-in"", ""Hangers"", ""Carbon monoxide alarm"", ""Coffee maker"", ""Breakfast"", ""Keypad"", ""First aid kit"", ""Essentials"", ""Shampoo"", ""Hot water"", ""TV"", ""Oven"", ""Smoke alarm"", ""Stove"", ""Fire extinguisher"", ""Exterior security cameras on property"", ""Dedicated workspace"", ""Hair dryer"", ""Microwave""]","$3,695.00",t,2019-05-30,2022-11-29,t,35013861,179833599,9.0,9.0,19.4301,-99.17124,2.0,1.0,1.5,1.0,1.0,1125,1.0,30.0,7,11,30,286,30.0,0.0,0.0,4.9,4.97,4.9,4.93,4.97,5.0,4.93,8.0,0.0,2.0,0.0,0.46
https://www.airbnb.com/rooms/35941537,2014-12-27,within an hour,100%,100%,f,"['email', 'phone', 'work_email']",Cuauhtémoc,Room in boutique hotel,Hotel room,1 private bath,"[""Iron"", ""Carbon monoxide alarm"", ""TV"", ""Wifi"", ""Heating"", ""Exterior security cameras on property"", ""Fire extinguisher"", ""Breakfast"", ""Air conditioning"", ""Self check-in"", ""Essentials"", ""Shampoo"", ""Hangers"", ""Hair dryer"", ""Building staff""]","$5,167.00",t,09/11/2011,26/03/2023,t,35941537,25246983,7.0,7.0,19.43333,-99.13457,2.0,1.0,1.5,1.0,1.0,370,1.0,370.0,0,0,0,0,0.0,0.0,0.0,4.91,4.9,4.84,4.8,4.8,4.8,4.7,7.0,1.0,0.0,0.0,1.7
https://www.airbnb.com/rooms/35941860,2014-12-27,within an hour,100%,100%,f,"['email', 'phone', 'work_email']",Cuauhtémoc,Room in boutique hotel,Hotel room,1 private bath,"[""Iron"", ""TV"", ""Wifi"", ""Heating"", ""Fire extinguisher"", ""Breakfast"", ""Air conditioning"", ""Self check-in"", ""Essentials"", ""Shampoo"", ""Hangers"", ""Hair dryer"", ""Building staff""]","$6,132.00",t,2022-07-05,2022-07-05,t,35941860,25246983,7.0,7.0,19.43333,-99.13457,2.0,1.0,1.5,1.0,1.0,370,1.0,370.0,25,26,26,26,1.0,0.0,0.0,5.0,5.0,5.0,5.0,5.0,5.0,5.0,7.0,1.0,0.0,0.0,0.04
https://www.airbnb.com/rooms/35967394,2014-12-27,within an hour,100%,100%,f,"['email', 'phone', 'work_email']",Cuauhtémoc,Room in boutique hotel,Hotel room,1 private bath,"[""Iron"", ""TV"", ""Wifi"", ""Heating"", ""Exterior security cameras on property"", ""Fire extinguisher"", ""Breakfast"", ""Air conditioning"", ""Self check-in"", ""Essentials"", ""Shampoo"", ""Hangers"", ""Hair dryer"", ""Building staff""]","$6,132.00",t,2022-11-02,2022-11-02,t,35967394,25246983,7.0,7.0,19.43333,-99.13457,2.0,1.0,1.0,1.0,1.0,370,1.0,370.0,16,23,23,23,1.0,0.0,0.0,5.0,5.0,5.0,5.0,5.0,5.0,5.0,7.0,1.0,0.0,0.0,0.04
https://www.airbnb.com/rooms/36023273,2014-12-27,within an hour,100%,100%,f,"['email', 'phone', 'work_email']",Cuauhtémoc,Room in boutique hotel,Hotel room,1 private bath,"[""Iron"", ""TV"", ""Wifi"", ""Heating"", ""Exterior security cameras on property"", ""Fire extinguisher"", ""Breakfast"", ""Air conditioning"", ""Self check-in"", ""Essentials"", ""Shampoo"", ""Hangers"", ""Hair dryer"", ""Building staff""]","$5,167.00",t,2019-11-18,2019-11-18,t,36023273,25246983,7.0,7.0,19.43333,-99.13457,2.0,1.0,1.5,1.0,1.0,370,1.0,370.0,26,34,34,34,1.0,0.0,0.0,5.0,5.0,5.0,5.0,5.0,5.0,5.0,7.0,1.0,0.0,0.0,0.02
https://www.airbnb.com/rooms/36023768,2014-12-27,within an hour,100%,100%,f,"['email', 'phone', 'work_email']",Cuauhtémoc,Room in boutique hotel,Hotel room,1 private bath,"[""Iron"", ""Carbon monoxide alarm"", ""Wifi"", ""Heating"", ""Exterior security cameras on property"", ""Fire extinguisher"", ""Breakfast"", ""Air conditioning"", ""Self check-in"", ""Essentials"", ""Shampoo"", ""Hangers"", ""TV with Netflix"", ""Hair dryer"", ""Building staff""]",$120.00,t,2022-05-22,2022-05-22,t,36023768,25246983,7.0,7.0,19.43333,-99.13457,2.0,1.0,1.5,2.0,1.0,370,1.0,370.0,26,33,33,33,1.0,0.0,0.0,5.0,5.0,5.0,5.0,5.0,5.0,5.0,7.0,1.0,0.0,0.0,0.03
https://www.airbnb.com/rooms/35605936,2012-03-08,within an hour,100%,50%,f,"['email', 'phone']",Cuauhtémoc,Room in bed and breakfast,Hotel room,1 private bath,"[""Iron"", ""Cleaning products"", ""Safe"", ""TV"", ""Carbon monoxide alarm"", ""Wifi"", ""Exterior security cameras on property"", ""First aid kit"", ""Essentials"", ""Shampoo"", ""Hangers"", ""Smoke alarm"", ""Hair dryer""]",$120.00,t,09/11/2011,26/03/2023,t,35605936,1886913,10.0,12.0,19.40751,-99.17531,2.0,1.0,1.0,2.0,1.0,365,1.0,365.0,12,34,58,328,0.0,0.0,0.0,4.91,4.9,4.84,4.8,4.8,4.8,4.7,10.0,3.0,3.0,0.0,1.7
https://www.airbnb.com/rooms/35606585,2012-03-08,within an hour,100%,50%,f,"['email', 'phone']",Cuauhtémoc,Room in bed and breakfast,Hotel room,1 private bath,"[""Iron"", ""Carbon monoxide alarm"", ""TV"", ""Wifi"", ""Exterior security cameras on property"", ""Breakfast"", ""First aid kit"", ""Essentials"", ""Shampoo"", ""Hangers"", ""Smoke alarm"", ""Hair dryer""]",$120.00,t,09/11/2011,26/03/2023,t,35606585,1886913,10.0,12.0,19.40754,-99.17561,3.0,1.0,1.0,2.0,1.0,365,1.0,365.0,26,49,79,354,0.0,0.0,0.0,4.91,4.9,4.84,4.8,4.8,4.8,4.7,10.0,3.0,3.0,0.0,1.7
https://www.airbnb.com/rooms/35617592,2018-02-28,within an hour,100%,99%,t,"['email', 'phone']",Cuauhtémoc,Room in casa particular,Hotel room,1 shared bath,"[""Iron"", ""Hot water"", ""Carbon monoxide alarm"", ""Wifi"", ""Luggage dropoff allowed"", ""Smoking allowed"", ""Kitchen"", ""Long term stays allowed"", ""Refrigerator"", ""Dishes and silverware"", ""Stove"", ""Essentials"", ""Oven"", ""Exterior security cameras on property"", ""Paid parking off premises"", ""Cooking basics"", ""Hangers"", ""Microwave""]",$375.00,t,2019-06-24,2024-09-20,t,35617592,175923151,6.0,6.0,19.40461540222168,-99.15961456298828,1.0,1.0,1.0,1.0,1.0,1125,1.0,1125.0,30,60,90,365,86.0,24.0,4.0,4.78,4.86,4.67,4.91,4.9,4.88,4.77,6.0,0.0,4.0,0.0,1.34
https://www.airbnb.com/rooms/35677895,2012-03-08,within an hour,100%,50%,f,"['email', 'phone']",Cuauhtémoc,Room in bed and breakfast,Hotel room,1 bath,"[""Iron"", ""Carbon monoxide alarm"", ""TV"", ""Wifi"", ""Exterior security cameras on property"", ""Breakfast"", ""First aid kit"", ""Essentials"", ""Shampoo"", ""Hangers"", ""Smoke alarm"", ""Hair dryer""]",$120.00,t,2019-07-19,2023-08-26,t,35677895,1886913,10.0,12.0,19.40899,-99.17353,3.0,1.0,1.0,2.0,1.0,365,1.0,365.0,26,54,84,359,2.0,0.0,0.0,5.0,5.0,5.0,5.0,5.0,5.0,5.0,10.0,3.0,3.0,0.0,0.03
https://www.airbnb.com/rooms/35709914,2012-03-08,within an hour,100%,50%,f,"['email', 'phone']",Cuauhtémoc,Room in bed and breakfast,Hotel room,1 shared bath,"[""Iron"", ""Carbon monoxide alarm"", ""TV"", ""Wifi"", ""Exterior security cameras on property"", ""Breakfast"", ""First aid kit"", ""Essentials"", ""Shampoo"", ""Hangers"", ""Smoke alarm"", ""Hair dryer""]",$936.00,t,2019-11-26,2019-11-26,t,35709914,1886913,10.0,12.0,19.40854,-99.17435,2.0,1.0,1.0,1.0,1.0,365,1.0,365.0,19,42,72,347,1.0,0.0,0.0,4.8,5.0,5.0,5.0,5.0,5.0,5.0,10.0,3.0,3.0,0.0,0.02
https://www.airbnb.com/rooms/35715294,2016-06-25,a few days or more,100%,92%,f,"['email', 'phone']",Álvaro Obregón,Room in serviced apartment,Hotel room,1 bath,"[""Pool"", ""Iron"", ""Washer"", ""Elevator"", ""Wifi"", ""Hangers"", ""Free parking on premises"", ""Essentials"", ""Shampoo"", ""Hot water"", ""Dryer"", ""TV"", ""Hot tub"", ""Kitchen"", ""Smoke alarm"", ""Fire extinguisher"", ""Gym"", ""Exterior security cameras on property"", ""Hair dryer""]",$120.00,t,2019-07-21,2019-07-21,f,35715294,79926743,1.0,1.0,19.38231,-99.19927,4.0,1.0,1.0,2.0,2.0,1125,2.0,1125.0,0,0,0,83,1.0,0.0,0.0,5.0,5.0,5.0,4.9,5.0,5.0,5.0,1.0,0.0,0.0,0.0,0.02
https://www.airbnb.com/rooms/36314967,2019-07-02,a few days or more,100%,92%,f,"['email', 'phone', 'work_email']",Cuauhtémoc,Room in boutique hotel,Hotel room,1 private bath,"[""Free parking on premises"", ""Iron"", ""TV"", ""Wifi"", ""Elevator"", ""Heating"", ""Breakfast"", ""Air conditioning"", ""Essentials"", ""Shampoo"", ""Hangers"", ""Hair dryer""]","$1,745.00",t,09/11/2011,26/03/2023,f,36314967,273109179,1.0,2.0,19.41504,-99.16568,2.0,1.0,1.0,1.0,1.0,10,1.0,10.0,30,60,89,89,0.0,0.0,0.0,4.91,4.9,4.84,4.8,4.8,4.8,4.7,1.0,0.0,0.0,0.0,1.7
https://www.airbnb.com/rooms/37326050,2014-11-21,within a few hours,100%,100%,f,"['email', 'phone', 'work_email']",Coyoacán,Room in bed and breakfast,Hotel room,1 private bath,"[""Shared patio or balcony"", ""Iron"", ""Outdoor furniture"", ""Wifi"", ""Paid washer \u2013 In building"", ""Heating"", ""Bathtub"", ""Self check-in"", ""Hangers"", ""Coffee maker"", ""Backyard"", ""Breakfast"", ""Private hot tub"", ""First aid kit"", ""Essentials"", ""Shampoo"", ""Hot water"", ""Shower gel"", ""Luggage dropoff allowed"", ""TV"", ""Paid parking lot on premises \u2013 1 space"", ""Conditioner"", ""Private pool"", ""Indoor fireplace"", ""Fire extinguisher"", ""Air conditioning"", ""Paid dryer \u2013 In building"", ""Free street parking"", ""Smoking allowed"", ""Hair dryer"", ""Building staff""]",$120.00,t,2019-09-22,2024-05-19,t,37326050,24017549,6.0,6.0,19.3459,-99.16171,2.0,1.0,1.0,2.0,1.0,365,1.0,365.0,19,37,62,331,43.0,1.0,0.0,4.74,4.65,4.8,4.88,4.84,4.95,4.63,6.0,0.0,5.0,0.0,0.7
https://www.airbnb.com/rooms/37687424,2015-11-14,a few days or more,100%,92%,f,"['email', 'phone']",Álvaro Obregón,Room in boutique hotel,Hotel room,1 shared bath,"[""Iron"", ""Washer"", ""Outdoor furniture"", ""Wifi"", ""Fire pit"", ""Heating"", ""Cleaning available during stay"", ""Self check-in"", ""Pets allowed"", ""Outdoor kitchen"", ""Hangers"", ""Free parking on premises"", ""Breakfast"", ""Long term stays allowed"", ""First aid kit"", ""Essentials"", ""Shampoo"", ""Smoking allowed"", ""Dryer"", ""Luggage dropoff allowed"", ""TV"", ""Kitchen"", ""BBQ grill"", ""Outdoor dining area"", ""Gym"", ""Exterior security cameras on property"", ""Dedicated workspace"", ""Cooking basics"", ""Lockbox"", ""Hair dryer""]",$120.00,t,2019-08-14,2022-10-30,f,37687424,49039924,2.0,6.0,19.34628,-99.2,4.0,1.0,1.0,2.0,1.0,365,1.0,365.0,30,60,90,365,4.0,0.0,0.0,4.8,4.8,5.0,5.0,4.9,5.0,4.8,2.0,0.0,0.0,0.0,0.06
https://www.airbnb.com/rooms/37689391,2015-11-14,a few days or more,100%,92%,f,"['email', 'phone']",Álvaro Obregón,Room in boutique hotel,Hotel room,1 private bath,"[""Iron"", ""Washer"", ""Wifi"", ""Heating"", ""Dishes and silverware"", ""Self check-in"", ""Pets allowed"", ""Hangers"", ""Free parking on premises"", ""Coffee maker"", ""Breakfast"", ""Private hot tub"", ""Essentials"", ""Shampoo"", ""Hot water"", ""Smoking allowed"", ""Dryer"", ""Kitchen"", ""Hair dryer"", ""Air conditioning"", ""Gym"", ""Free street parking"", ""Exterior security cameras on property"", ""Dedicated workspace"", ""Cooking basics"", ""Lockbox"", ""101 inch HDTV with Amazon Prime Video, Chromecast, Disney+, HBO Max, Netflix, Roku""]",$120.00,t,2019-11-19,2019-11-19,f,37689391,49039924,2.0,6.0,19.3474,-99.2,3.1,1.0,1.0,2.0,1.0,365,1.0,365.0,30,60,90,365,1.0,0.0,0.0,5.0,5.0,5.0,5.0,5.0,5.0,5.0,2.0,0.0,0.0,0.0,0.02
https://www.airbnb.com/rooms/37691088,2016-04-26,within an hour,100%,100%,t,"['email', 'phone']",Coyoacán,Room in boutique hotel,Hotel room,1 private bath,"[""Iron"", ""Wifi"", ""Heating"", ""Window AC unit"", ""Dishes and silverware"", ""Hangers"", ""Mini fridge"", ""Free parking on premises"", ""Body soap"", ""Carbon monoxide alarm"", ""Coffee maker"", ""Long term stays allowed"", ""First aid kit"", ""Essentials"", ""Shampoo"", ""Hot water"", ""Shower gel"", ""Luggage dropoff allowed"", ""TV with standard cable"", ""Patio or balcony"", ""Bed linens"", ""Conditioner"", ""Smoke alarm"", ""Extra pillows and blankets"", ""Fire extinguisher"", ""Room-darkening shades"", ""Pack \u2019n play/Travel crib"", ""Microwave"", ""Hair dryer""]","$2,600.00",t,2019-09-30,2024-07-21,t,37691088,69008113,9.0,9.0,19.34921,-99.16183,2.0,1.0,1.0,1.0,1.0,365,1.0,365.0,9,18,25,265,25.0,3.0,0.0,5.0,5.0,5.0,5.0,5.0,5.0,5.0,9.0,0.0,1.8,0.0,0.41
https://www.airbnb.com/rooms/37721233,2018-02-28,within an hour,100%,99%,t,"['email', 'phone']",Cuauhtémoc,Room in casa particular,Hotel room,1 shared bath,"[""Iron"", ""Wifi"", ""Refrigerator"", ""Dishes and silverware"", ""Hangers"", ""Carbon monoxide alarm"", ""Coffee maker"", ""Long term stays allowed"", ""Essentials"", ""Hot water"", ""Luggage dropoff allowed"", ""Kitchen"", ""Oven"", ""Stove"", ""Cooking basics"", ""Exterior security cameras on property"", ""Smoking allowed"", ""Paid parking off premises"", ""Microwave""]",$375.00,t,2019-08-25,2024-09-17,t,37721233,175923151,6.0,6.0,19.40409469604492,-99.16024780273438,1.0,1.0,1.0,1.0,1.0,1125,1.0,1125.0,30,60,90,365,98.0,22.0,2.0,4.68,4.73,4.62,4.73,4.82,4.74,4.63,6.0,0.0,4.0,0.0,1.58
https://www.airbnb.com/rooms/47845863,2019-02-20,within an hour,94%,99%,f,"['email', 'phone']",Cuauhtémoc,Room in hostel,Hotel room,1 shared bath,"[""Shared patio or balcony"", ""Wifi"", ""Paid washer \u2013 In building"", ""Cleaning available during stay"", ""Refrigerator"", ""Dishes and silverware"", ""Self check-in"", ""Blender"", ""Carbon monoxide alarm"", ""Coffee maker"", ""Hammock"", ""Long term stays allowed"", ""First aid kit"", ""Essentials"", ""Luggage dropoff allowed"", ""Ping pong table"", ""Shared outdoor kitchen"", ""Bed linens"", ""Outdoor dining area"", ""Smoke alarm"", ""Stove"", ""Fire extinguisher"", ""Room-darkening shades"", ""Paid dryer \u2013 In building"", ""Gym"", ""Microwave"", ""Dedicated workspace"", ""Cooking basics"", ""Building staff""]",$197.00,t,2024-01-14,2024-06-05,t,47845863,244321663,16.0,16.0,19.4393,-99.14381,1.0,1.0,1.0,1.0,1.0,365,1.0,1125.0,24,50,77,245,6.0,6.0,0.0,4.8,4.67,4.8,4.5,4.67,4.67,4.83,16.0,0.0,1.8,0.1,0.7
https://www.airbnb.com/rooms/1118176724690604169,2023-11-20,within a few hours,100%,92%,f,['phone'],Cuauhtémoc,Room in hotel,Hotel room,2 baths,"[""Iron"", ""Wifi"", ""Heating"", ""Paid parking on premises"", ""Self check-in"", ""Pets allowed"", ""Hangers"", ""Carbon monoxide alarm"", ""Breakfast"", ""First aid kit"", ""Essentials"", ""Shampoo"", ""Hot water"", ""Luggage dropoff allowed"", ""TV"", ""Bed linens"", ""Smoke alarm"", ""Extra pillows and blankets"", ""Fire extinguisher"", ""Air conditioning"", ""Gym"", ""Dedicated workspace"", ""Hair dryer"", ""Building staff""]","$5,333.00",t,09/11/2011,26/03/2023,t,1118176724690604169,547379024,22.0,31.0,19.40738,-99.16922,4.0,2.0,2.0,2.0,1.0,1125,1.0,990.8,30,60,90,364,0.0,0.0,0.0,4.91,4.9,4.84,4.8,4.8,4.8,4.7,10.0,0.0,0.0,0.0,1.7
https://www.airbnb.com/rooms/1118176774826797541,2023-11-20,within a few hours,100%,92%,f,['phone'],Cuauhtémoc,Room in hotel,Hotel room,2 baths,"[""Iron"", ""Wifi"", ""Heating"", ""Paid parking on premises"", ""Self check-in"", ""Pets allowed"", ""Hangers"", ""Carbon monoxide alarm"", ""Breakfast"", ""First aid kit"", ""Essentials"", ""Shampoo"", ""Hot water"", ""Luggage dropoff allowed"", ""TV"", ""Bed linens"", ""Smoke alarm"", ""Extra pillows and blankets"", ""Fire extinguisher"", ""Air conditioning"", ""Gym"", ""Dedicated workspace"", ""Hair dryer"", ""Building staff""]","$5,333.00",t,09/11/2011,26/03/2023,t,1118176774826797541,547379024,22.0,31.0,19.406735176600424,-99.16755157276776,4.0,2.0,2.0,2.0,1.0,1125,1.0,990.8,30,60,90,364,0.0,0.0,0.0,4.91,4.9,4.84,4.8,4.8,4.8,4.7,10.0,0.0,0.0,0.0,1.7
https://www.airbnb.com/rooms/1118182953815153769,2023-11-20,within a few hours,100%,92%,f,['phone'],Cuauhtémoc,Room in hotel,Hotel room,3 baths,"[""Iron"", ""Wifi"", ""Heating"", ""Paid parking on premises"", ""Self check-in"", ""Pets allowed"", ""Hangers"", ""Carbon monoxide alarm"", ""Breakfast"", ""First aid kit"", ""Essentials"", ""Shampoo"", ""Hot water"", ""Luggage dropoff allowed"", ""TV"", ""Bed linens"", ""Smoke alarm"", ""Extra pillows and blankets"", ""Fire extinguisher"", ""Air conditioning"", ""Gym"", ""Dedicated workspace"", ""Hair dryer"", ""Building staff""]","$5,333.00",t,09/11/2011,26/03/2023,t,1118182953815153769,547379024,22.0,31.0,19.40672,-99.16992,6.0,3.0,3.0,3.0,1.0,1125,1.0,990.8,30,60,90,364,0.0,0.0,0.0,4.91,4.9,4.84,4.8,4.8,4.8,4.7,10.0,0.0,0.0,0.0,1.7
https://www.airbnb.com/rooms/1118120677165122021,2023-11-20,within a few hours,100%,92%,f,['phone'],Cuauhtémoc,Room in hotel,Hotel room,1 bath,"[""Iron"", ""Wifi"", ""Heating"", ""Paid parking on premises"", ""Self check-in"", ""Pets allowed"", ""Hangers"", ""Carbon monoxide alarm"", ""Breakfast"", ""First aid kit"", ""Essentials"", ""Shampoo"", ""Hot water"", ""Luggage dropoff allowed"", ""TV"", ""Bed linens"", ""Smoke alarm"", ""Extra pillows and blankets"", ""Fire extinguisher"", ""Air conditioning"", ""Gym"", ""Dedicated workspace"", ""Hair dryer"", ""Building staff""]","$4,916.00",t,09/11/2011,26/03/2023,t,1118120677165122021,547379024,22.0,31.0,19.406853705053184,-99.1681994711068,2.0,1.0,1.0,1.0,1.0,1125,1.0,905.9,22,48,78,352,0.0,0.0,0.0,4.91,4.9,4.84,4.8,4.8,4.8,4.7,10.0,0.0,0.0,0.0,1.7
https://www.airbnb.com/rooms/1118168393291847001,2023-11-20,within a few hours,100%,92%,f,['phone'],Cuauhtémoc,Room in hotel,Hotel room,3 baths,"[""Iron"", ""Wifi"", ""Heating"", ""Paid parking on premises"", ""Self check-in"", ""Pets allowed"", ""Hangers"", ""Carbon monoxide alarm"", ""Breakfast"", ""First aid kit"", ""Essentials"", ""Shampoo"", ""Hot water"", ""Luggage dropoff allowed"", ""TV"", ""Bed linens"", ""Smoke alarm"", ""Extra pillows and blankets"", ""Fire extinguisher"", ""Air conditioning"", ""Gym"", ""Dedicated workspace"", ""Hair dryer"", ""Building staff""]","$5,333.00",t,09/11/2011,26/03/2023,t,1118168393291847001,547379024,22.0,31.0,19.40833,-99.16803,6.0,3.0,3.0,3.0,1.0,1125,1.0,990.8,29,59,89,363,0.0,0.0,0.0,4.91,4.9,4.84,4.8,4.8,4.8,4.7,10.0,0.0,0.0,0.0,1.7
https://www.airbnb.com/rooms/1118173216727497991,2023-11-20,within a few hours,100%,92%,f,['phone'],Cuauhtémoc,Room in hotel,Hotel room,3 baths,"[""Iron"", ""Wifi"", ""Heating"", ""Paid parking on premises"", ""Self check-in"", ""Pets allowed"", ""Hangers"", ""Carbon monoxide alarm"", ""Breakfast"", ""First aid kit"", ""Essentials"", ""Shampoo"", ""Hot water"", ""Luggage dropoff allowed"", ""TV"", ""Bed linens"", ""Smoke alarm"", ""Extra pillows and blankets"", ""Fire extinguisher"", ""Air conditioning"", ""Gym"", ""Dedicated workspace"", ""Hair dryer"", ""Building staff""]","$4,916.00",t,09/11/2011,26/03/2023,t,1118173216727497991,547379024,22.0,31.0,19.40894721564502,-99.16968205504558,6.0,3.0,3.0,3.0,1.0,1125,1.0,911.1,21,47,77,351,0.0,0.0,0.0,4.91,4.9,4.84,4.8,4.8,4.8,4.7,10.0,0.0,0.0,0.0,1.7
https://www.airbnb.com/rooms/1118175839510356501,2023-11-20,within a few hours,100%,92%,f,['phone'],Cuauhtémoc,Room in hotel,Hotel room,1 bath,"[""Iron"", ""Wifi"", ""Heating"", ""Paid parking on premises"", ""Self check-in"", ""Pets allowed"", ""Hangers"", ""Carbon monoxide alarm"", ""Breakfast"", ""First aid kit"", ""Essentials"", ""Shampoo"", ""Hot water"", ""Luggage dropoff allowed"", ""TV"", ""Bed linens"", ""Smoke alarm"", ""Extra pillows and blankets"", ""Fire extinguisher"", ""Air conditioning"", ""Gym"", ""Dedicated workspace"", ""Hair dryer"", ""Building staff""]","$5,333.00",t,09/11/2011,26/03/2023,t,1118175839510356501,547379024,22.0,31.0,19.40684792269204,-99.16899247973863,2.0,1.0,1.0,1.0,1.0,1125,1.0,990.8,30,60,90,364,0.0,0.0,0.0,4.91,4.9,4.84,4.8,4.8,4.8,4.7,10.0,0.0,0.0,0.0,1.7
https://www.airbnb.com/rooms/1118175965894565797,2023-11-20,within a few hours,100%,92%,f,['phone'],Cuauhtémoc,Room in hotel,Hotel room,1 bath,"[""Iron"", ""Wifi"", ""Heating"", ""Paid parking on premises"", ""Self check-in"", ""Pets allowed"", ""Hangers"", ""Carbon monoxide alarm"", ""Breakfast"", ""First aid kit"", ""Essentials"", ""Shampoo"", ""Hot water"", ""Luggage dropoff allowed"", ""TV"", ""Bed linens"", ""Smoke alarm"", ""Extra pillows and blankets"", ""Fire extinguisher"", ""Air conditioning"", ""Gym"", ""Dedicated workspace"", ""Hair dryer"", ""Building staff""]","$5,333.00",t,09/11/2011,26/03/2023,t,1118175965894565797,547379024,22.0,31.0,19.40677244885305,-99.16772674314149,2.0,1.0,1.0,1.0,1.0,1125,1.0,990.8,30,60,90,364,0.0,0.0,0.0,4.91,4.9,4.84,4.8,4.8,4.8,4.7,10.0,0.0,0.0,0.0,1.7
https://www.airbnb.com/rooms/1118176220387018952,2023-11-20,within a few hours,100%,92%,f,['phone'],Cuauhtémoc,Room in hotel,Hotel room,2 baths,"[""Iron"", ""Wifi"", ""Heating"", ""Paid parking on premises"", ""Self check-in"", ""Pets allowed"", ""Hangers"", ""Carbon monoxide alarm"", ""Breakfast"", ""First aid kit"", ""Essentials"", ""Shampoo"", ""Hot water"", ""Luggage dropoff allowed"", ""TV"", ""Bed linens"", ""Smoke alarm"", ""Extra pillows and blankets"", ""Fire extinguisher"", ""Air conditioning"", ""Gym"", ""Dedicated workspace"", ""Hair dryer"", ""Building staff""]","$4,916.00",t,09/11/2011,26/03/2023,t,1118176220387018952,547379024,22.0,31.0,19.40691644655866,-99.1679096215427,4.0,2.0,2.0,2.0,1.0,1125,1.0,905.9,22,48,78,352,0.0,0.0,0.0,4.91,4.9,4.84,4.8,4.8,4.8,4.7,10.0,0.0,0.0,0.0,1.7
https://www.airbnb.com/rooms/1118176678749693668,2023-11-20,within a few hours,100%,92%,f,['phone'],Cuauhtémoc,Room in hotel,Hotel room,2 baths,"[""Iron"", ""Wifi"", ""Heating"", ""Paid parking on premises"", ""Self check-in"", ""Pets allowed"", ""Hangers"", ""Carbon monoxide alarm"", ""Breakfast"", ""First aid kit"", ""Essentials"", ""Shampoo"", ""Hot water"", ""Luggage dropoff allowed"", ""TV"", ""Bed linens"", ""Smoke alarm"", ""Extra pillows and blankets"", ""Fire extinguisher"", ""Air conditioning"", ""Gym"", ""Dedicated workspace"", ""Hair dryer"", ""Building staff""]","$5,333.00",t,09/11/2011,26/03/2023,t,1118176678749693668,547379024,22.0,31.0,19.406992089475533,-99.1678368406751,4.0,2.0,2.0,2.0,1.0,1125,1.0,990.8,30,60,90,364,0.0,0.0,0.0,4.91,4.9,4.84,4.8,4.8,4.8,4.7,10.0,0.0,0.0,0.0,1.7
https://www.airbnb.com/rooms/1131924443320041603,2023-11-15,within a day,50%,100%,f,['phone'],Cuauhtémoc,Room in boutique hotel,Hotel room,1 bath,"[""Pool"", ""Iron"", ""Wifi"", ""Heating"", ""Paid parking on premises"", ""Refrigerator"", ""Self check-in"", ""Pets allowed"", ""Hangers"", ""Carbon monoxide alarm"", ""Coffee maker"", ""Backyard"", ""First aid kit"", ""Essentials"", ""Shampoo"", ""Hot water"", ""Luggage dropoff allowed"", ""TV"", ""Bed linens"", ""Smoke alarm"", ""Extra pillows and blankets"", ""Fire extinguisher"", ""Air conditioning"", ""Gym"", ""Dedicated workspace"", ""Hair dryer"", ""Building staff""]","$4,437.00",t,09/11/2011,26/03/2023,t,1131924443320041603,546670717,12.0,12.0,19.40903133599291,-99.1697972401784,2.0,1.0,1.0,1.0,1.0,365,1.0,2.6,21,48,78,85,0.0,0.0,0.0,4.91,4.9,4.84,4.8,4.8,4.8,4.7,7.0,0.0,0.0,0.0,1.7
https://www.airbnb.com/rooms/1131979035848951599,2023-11-15,within a day,50%,100%,f,['phone'],Cuauhtémoc,Room in boutique hotel,Hotel room,1 bath,"[""Pool"", ""Iron"", ""Wifi"", ""Heating"", ""Paid parking on premises"", ""Refrigerator"", ""Self check-in"", ""Pets allowed"", ""Hangers"", ""Carbon monoxide alarm"", ""Coffee maker"", ""Backyard"", ""First aid kit"", ""Essentials"", ""Shampoo"", ""Hot water"", ""Luggage dropoff allowed"", ""TV"", ""Bed linens"", ""Smoke alarm"", ""Extra pillows and blankets"", ""Fire extinguisher"", ""Air conditioning"", ""Gym"", ""Dedicated workspace"", ""Hair dryer"", ""Building staff""]","$4,437.00",t,09/11/2011,26/03/2023,t,1131979035848951599,546670717,12.0,12.0,19.408296506298537,-99.16785688309366,4.0,1.0,1.0,2.0,1.0,365,1.0,166.8,22,49,79,86,0.0,0.0,0.0,4.91,4.9,4.84,4.8,4.8,4.8,4.7,7.0,0.0,0.0,0.0,1.7
https://www.airbnb.com/rooms/1131986160893383000,2023-11-15,within a day,50%,100%,f,['phone'],Cuauhtémoc,Room in boutique hotel,Hotel room,2 baths,"[""Pool"", ""Iron"", ""Wifi"", ""Heating"", ""Paid parking on premises"", ""Refrigerator"", ""Self check-in"", ""Pets allowed"", ""Hangers"", ""Carbon monoxide alarm"", ""Coffee maker"", ""Backyard"", ""First aid kit"", ""Essentials"", ""Shampoo"", ""Hot water"", ""Luggage dropoff allowed"", ""TV"", ""Bed linens"", ""Smoke alarm"", ""Extra pillows and blankets"", ""Fire extinguisher"", ""Air conditioning"", ""Gym"", ""Dedicated workspace"", ""Hair dryer"", ""Building staff""]","$8,873.00",t,09/11/2011,26/03/2023,t,1131986160893383000,546670717,12.0,12.0,19.408468060506884,-99.16802972382727,3.1,2.0,2.0,1.8,1.0,365,1.0,166.8,22,49,79,86,0.0,0.0,0.0,4.91,4.9,4.84,4.8,4.8,4.8,4.7,7.0,0.0,0.0,0.0,1.7
https://www.airbnb.com/rooms/1131988917388338317,2023-11-15,within a day,50%,100%,f,['phone'],Cuauhtémoc,Room in boutique hotel,Hotel room,3 baths,"[""Pool"", ""Iron"", ""Wifi"", ""Heating"", ""Paid parking on premises"", ""Refrigerator"", ""Self check-in"", ""Pets allowed"", ""Hangers"", ""Carbon monoxide alarm"", ""Coffee maker"", ""Backyard"", ""First aid kit"", ""Essentials"", ""Shampoo"", ""Hot water"", ""Luggage dropoff allowed"", ""TV"", ""Bed linens"", ""Smoke alarm"", ""Extra pillows and blankets"", ""Fire extinguisher"", ""Air conditioning"", ""Gym"", ""Dedicated workspace"", ""Hair dryer"", ""Building staff""]","$13,294.00",t,09/11/2011,26/03/2023,t,1131988917388338317,546670717,12.0,12.0,19.407306781383625,-99.16810295496327,3.1,3.0,3.0,1.8,1.0,365,1.0,166.8,0,0,0,0,0.0,0.0,0.0,4.91,4.9,4.84,4.8,4.8,4.8,4.7,7.0,0.0,0.0,0.0,1.7
https://www.airbnb.com/rooms/1132047513069992334,2023-11-15,within a day,50%,100%,f,['phone'],Cuauhtémoc,Room in boutique hotel,Hotel room,4 baths,"[""Pool"", ""Iron"", ""Wifi"", ""Heating"", ""Paid parking on premises"", ""Refrigerator"", ""Self check-in"", ""Pets allowed"", ""Hangers"", ""Carbon monoxide alarm"", ""Coffee maker"", ""Backyard"", ""First aid kit"", ""Essentials"", ""Shampoo"", ""Hot water"", ""Luggage dropoff allowed"", ""TV"", ""Bed linens"", ""Smoke alarm"", ""Extra pillows and blankets"", ""Fire extinguisher"", ""Air conditioning"", ""Gym"", ""Dedicated workspace"", ""Hair dryer"", ""Building staff""]","$17,731.00",t,09/11/2011,26/03/2023,t,1132047513069992334,546670717,12.0,12.0,19.40875319263064,-99.1699154765684,3.1,1.4,1.5,1.8,1.0,365,1.0,166.8,0,0,0,0,0.0,0.0,0.0,4.91,4.9,4.84,4.8,4.8,4.8,4.7,7.0,0.0,0.0,0.0,1.7
https://www.airbnb.com/rooms/1132055684168202708,2023-11-15,within a day,50%,100%,f,['phone'],Cuauhtémoc,Room in boutique hotel,Hotel room,1 bath,"[""Pool"", ""Iron"", ""Wifi"", ""Heating"", ""Paid parking on premises"", ""Refrigerator"", ""Self check-in"", ""Pets allowed"", ""Hangers"", ""Carbon monoxide alarm"", ""Coffee maker"", ""Backyard"", ""First aid kit"", ""Essentials"", ""Shampoo"", ""Hot water"", ""Luggage dropoff allowed"", ""TV"", ""Bed linens"", ""Smoke alarm"", ""Extra pillows and blankets"", ""Fire extinguisher"", ""Air conditioning"", ""Gym"", ""Dedicated workspace"", ""Hair dryer"", ""Building staff""]",$120.00,t,09/11/2011,26/03/2023,t,1132055684168202708,546670717,12.0,12.0,19.40696,-99.16785,3.0,1.0,1.0,2.0,1.0,365,1.0,2.6,21,48,78,85,0.0,0.0,0.0,4.91,4.9,4.84,4.8,4.8,4.8,4.7,7.0,0.0,0.0,0.0,1.7
https://www.airbnb.com/rooms/1132057370827706133,2023-11-15,within a day,50%,100%,f,['phone'],Cuauhtémoc,Room in boutique hotel,Hotel room,1 bath,"[""Pool"", ""Iron"", ""Wifi"", ""Heating"", ""Paid parking on premises"", ""Refrigerator"", ""Self check-in"", ""Pets allowed"", ""Hangers"", ""Carbon monoxide alarm"", ""Coffee maker"", ""Backyard"", ""First aid kit"", ""Essentials"", ""Shampoo"", ""Hot water"", ""Luggage dropoff allowed"", ""TV"", ""Bed linens"", ""Smoke alarm"", ""Extra pillows and blankets"", ""Fire extinguisher"", ""Air conditioning"", ""Gym"", ""Dedicated workspace"", ""Hair dryer"", ""Building staff""]","$5,024.00",t,09/11/2011,26/03/2023,t,1132057370827706133,546670717,12.0,12.0,19.40727,-99.16966,3.0,1.0,1.0,2.0,1.0,365,1.0,2.6,22,49,79,86,0.0,0.0,0.0,4.91,4.9,4.84,4.8,4.8,4.8,4.7,7.0,0.0,0.0,0.0,1.7
https://www.airbnb.com/rooms/1188427846783710937,2023-11-28,within an hour,100%,100%,f,['phone'],Cuauhtémoc,Room in hotel,Hotel room,2 baths,"[""Iron"", ""Wifi"", ""Heating"", ""Self check-in"", ""Hangers"", ""Free parking on premises"", ""Carbon monoxide alarm"", ""Coffee maker"", ""First aid kit"", ""Essentials"", ""Shampoo"", ""Hot water"", ""Luggage dropoff allowed"", ""TV"", ""Bed linens"", ""Smoke alarm"", ""Extra pillows and blankets"", ""Fire extinguisher"", ""Air conditioning"", ""Gym"", ""Dedicated workspace"", ""Hair dryer"", ""Building staff""]","$3,509.00",t,09/11/2011,26/03/2023,t,1188427846783710937,548579186,8.0,8.0,19.43511,-99.14708,6.0,2.0,2.0,2.0,1.0,365,1.0,262.5,24,44,69,69,0.0,0.0,0.0,4.91,4.9,4.84,4.8,4.8,4.8,4.7,7.0,0.0,0.0,0.0,1.7
https://www.airbnb.com/rooms/1188427954701085014,2023-11-28,within an hour,100%,100%,f,['phone'],Cuauhtémoc,Room in hotel,Hotel room,2 baths,"[""Iron"", ""Wifi"", ""Heating"", ""Self check-in"", ""Hangers"", ""Free parking on premises"", ""Carbon monoxide alarm"", ""Coffee maker"", ""First aid kit"", ""Essentials"", ""Shampoo"", ""Hot water"", ""Luggage dropoff allowed"", ""TV"", ""Bed linens"", ""Smoke alarm"", ""Extra pillows and blankets"", ""Fire extinguisher"", ""Air conditioning"", ""Gym"", ""Dedicated workspace"", ""Hair dryer"", ""Building staff""]","$3,509.00",t,09/11/2011,26/03/2023,t,1188427954701085014,548579186,8.0,8.0,19.43673,-99.14705,6.0,2.0,2.0,2.0,1.0,365,1.0,262.5,24,44,69,69,0.0,0.0,0.0,4.91,4.9,4.84,4.8,4.8,4.8,4.7,7.0,0.0,0.0,0.0,1.7
https://www.airbnb.com/rooms/1188428334624464073,2023-11-28,within an hour,100%,100%,f,['phone'],Cuauhtémoc,Room in hotel,Hotel room,2 baths,"[""Iron"", ""Wifi"", ""Heating"", ""Self check-in"", ""Hangers"", ""Free parking on premises"", ""Carbon monoxide alarm"", ""Coffee maker"", ""First aid kit"", ""Essentials"", ""Shampoo"", ""Hot water"", ""Luggage dropoff allowed"", ""TV"", ""Bed linens"", ""Smoke alarm"", ""Extra pillows and blankets"", ""Fire extinguisher"", ""Air conditioning"", ""Gym"", ""Dedicated workspace"", ""Hair dryer"", ""Building staff""]","$3,509.00",t,09/11/2011,26/03/2023,t,1188428334624464073,548579186,8.0,8.0,19.43542,-99.14673,6.0,2.0,2.0,2.0,1.0,365,1.0,262.5,24,44,69,69,0.0,0.0,0.0,4.91,4.9,4.84,4.8,4.8,4.8,4.7,7.0,0.0,0.0,0.0,1.7
https://www.airbnb.com/rooms/1188428769197567214,2023-11-28,within an hour,100%,100%,f,['phone'],Cuauhtémoc,Room in hotel,Hotel room,3 baths,"[""Iron"", ""Wifi"", ""Heating"", ""Self check-in"", ""Hangers"", ""Free parking on premises"", ""Carbon monoxide alarm"", ""Coffee maker"", ""First aid kit"", ""Essentials"", ""Shampoo"", ""Hot water"", ""Luggage dropoff allowed"", ""TV"", ""Bed linens"", ""Smoke alarm"", ""Extra pillows and blankets"", ""Fire extinguisher"", ""Air conditioning"", ""Gym"", ""Dedicated workspace"", ""Hair dryer"", ""Building staff""]","$5,271.00",t,09/11/2011,26/03/2023,t,1188428769197567214,548579186,8.0,8.0,19.436714197221,-99.1468930936795,3.1,3.0,3.0,3.0,1.0,365,1.0,262.5,24,44,69,69,0.0,0.0,0.0,4.91,4.9,4.84,4.8,4.8,4.8,4.7,7.0,0.0,0.0,0.0,1.7
https://www.airbnb.com/rooms/1188428907004520150,2023-11-28,within an hour,100%,100%,f,['phone'],Cuauhtémoc,Room in hotel,Hotel room,4 baths,"[""Iron"", ""Wifi"", ""Heating"", ""Self check-in"", ""Hangers"", ""Free parking on premises"", ""Carbon monoxide alarm"", ""Coffee maker"", ""First aid kit"", ""Essentials"", ""Shampoo"", ""Hot water"", ""Luggage dropoff allowed"", ""TV"", ""Bed linens"", ""Smoke alarm"", ""Extra pillows and blankets"", ""Fire extinguisher"", ""Air conditioning"", ""Gym"", ""Dedicated workspace"", ""Hair dryer"", ""Building staff""]","$7,018.00",t,09/11/2011,26/03/2023,t,1188428907004520150,548579186,8.0,8.0,19.43732,-99.14869,3.1,1.4,1.5,1.8,1.0,365,1.0,262.5,24,44,69,69,0.0,0.0,0.0,4.91,4.9,4.84,4.8,4.8,4.8,4.7,7.0,0.0,0.0,0.0,1.7
https://www.airbnb.com/rooms/1188427363522633424,2023-11-28,within an hour,100%,100%,f,['phone'],Cuauhtémoc,Room in hotel,Hotel room,1 bath,"[""Iron"", ""Wifi"", ""Heating"", ""Self check-in"", ""Hangers"", ""Free parking on premises"", ""Carbon monoxide alarm"", ""Coffee maker"", ""First aid kit"", ""Essentials"", ""Shampoo"", ""Hot water"", ""Luggage dropoff allowed"", ""TV"", ""Bed linens"", ""Smoke alarm"", ""Extra pillows and blankets"", ""Fire extinguisher"", ""Air conditioning"", ""Gym"", ""Dedicated workspace"", ""Hair dryer"", ""Building staff""]","$1,762.00",t,09/11/2011,26/03/2023,t,1188427363522633424,548579186,8.0,8.0,19.437381360624087,-99.14895809463911,3.0,1.0,1.0,1.0,1.0,365,1.0,262.5,24,44,69,69,0.0,0.0,0.0,4.91,4.9,4.84,4.8,4.8,4.8,4.7,7.0,0.0,0.0,0.0,1.7
https://www.airbnb.com/rooms/1188427441860298428,2023-11-28,within an hour,100%,100%,f,['phone'],Cuauhtémoc,Room in hotel,Hotel room,1 bath,"[""Iron"", ""Wifi"", ""Heating"", ""Self check-in"", ""Hangers"", ""Free parking on premises"", ""Carbon monoxide alarm"", ""Coffee maker"", ""First aid kit"", ""Essentials"", ""Shampoo"", ""Hot water"", ""Luggage dropoff allowed"", ""TV"", ""Bed linens"", ""Smoke alarm"", ""Extra pillows and blankets"", ""Fire extinguisher"", ""Air conditioning"", ""Gym"", ""Dedicated workspace"", ""Hair dryer"", ""Building staff""]","$1,762.00",t,09/11/2011,26/03/2023,t,1188427441860298428,548579186,8.0,8.0,19.43514,-99.14741,3.0,1.0,1.0,1.0,1.0,365,1.0,262.5,25,45,70,70,0.0,0.0,0.0,4.91,4.9,4.84,4.8,4.8,4.8,4.7,7.0,0.0,0.0,0.0,1.7
https://www.airbnb.com/rooms/1191427923376391429,2023-11-20,within an hour,100%,92%,f,['phone'],Cuauhtémoc,Room in hotel,Hotel room,1 bath,"[""Iron"", ""Wifi"", ""Heating"", ""Self check-in"", ""Hangers"", ""Free parking on premises"", ""Carbon monoxide alarm"", ""Coffee maker"", ""First aid kit"", ""Essentials"", ""Shampoo"", ""Hot water"", ""Luggage dropoff allowed"", ""TV"", ""Bed linens"", ""Smoke alarm"", ""Extra pillows and blankets"", ""Fire extinguisher"", ""Air conditioning"", ""Gym"", ""Dedicated workspace"", ""Hair dryer"", ""Building staff""]","$1,484.00",t,09/11/2011,26/03/2023,t,1191427923376391429,547380140,23.0,23.0,19.4357940711192,-99.14694717157532,3.0,1.0,1.0,2.0,1.0,365,1.0,262.5,23,23,42,42,0.0,0.0,0.0,4.91,4.9,4.84,4.8,4.8,4.8,4.7,22.0,0.0,0.0,0.0,1.7
https://www.airbnb.com/rooms/1191428005181549892,2023-11-20,within an hour,100%,92%,f,['phone'],Cuauhtémoc,Room in hotel,Hotel room,1 bath,"[""Iron"", ""Wifi"", ""Heating"", ""Self check-in"", ""Hangers"", ""Free parking on premises"", ""Carbon monoxide alarm"", ""Coffee maker"", ""First aid kit"", ""Essentials"", ""Shampoo"", ""Hot water"", ""Luggage dropoff allowed"", ""TV"", ""Bed linens"", ""Smoke alarm"", ""Extra pillows and blankets"", ""Fire extinguisher"", ""Air conditioning"", ""Gym"", ""Dedicated workspace"", ""Hair dryer"", ""Building staff""]","$1,484.00",t,09/11/2011,26/03/2023,t,1191428005181549892,547380140,23.0,23.0,19.43727626474719,-99.14818543362988,3.0,1.0,1.0,2.0,1.0,365,1.0,262.5,23,23,42,42,0.0,0.0,0.0,4.91,4.9,4.84,4.8,4.8,4.8,4.7,22.0,0.0,0.0,0.0,1.7
https://www.airbnb.com/rooms/1191428054753165722,2023-11-20,within an hour,100%,92%,f,['phone'],Cuauhtémoc,Room in hotel,Hotel room,1 bath,"[""Iron"", ""Wifi"", ""Heating"", ""Self check-in"", ""Hangers"", ""Free parking on premises"", ""Carbon monoxide alarm"", ""Coffee maker"", ""First aid kit"", ""Essentials"", ""Shampoo"", ""Hot water"", ""Luggage dropoff allowed"", ""TV"", ""Bed linens"", ""Smoke alarm"", ""Extra pillows and blankets"", ""Fire extinguisher"", ""Air conditioning"", ""Gym"", ""Dedicated workspace"", ""Hair dryer"", ""Building staff""]","$1,484.00",t,09/11/2011,26/03/2023,t,1191428054753165722,547380140,23.0,23.0,19.43551278142517,-99.1467341236927,3.0,1.0,1.0,2.0,1.0,365,1.0,262.5,23,23,42,42,0.0,0.0,0.0,4.91,4.9,4.84,4.8,4.8,4.8,4.7,22.0,0.0,0.0,0.0,1.7
https://www.airbnb.com/rooms/1191428112633521370,2023-11-20,within an hour,100%,92%,f,['phone'],Cuauhtémoc,Room in hotel,Hotel room,1 bath,"[""Iron"", ""Wifi"", ""Heating"", ""Self check-in"", ""Hangers"", ""Free parking on premises"", ""Carbon monoxide alarm"", ""Coffee maker"", ""First aid kit"", ""Essentials"", ""Shampoo"", ""Hot water"", ""Luggage dropoff allowed"", ""TV"", ""Bed linens"", ""Smoke alarm"", ""Extra pillows and blankets"", ""Fire extinguisher"", ""Air conditioning"", ""Gym"", ""Dedicated workspace"", ""Hair dryer"", ""Building staff""]","$1,484.00",t,09/11/2011,26/03/2023,t,1191428112633521370,547380140,23.0,23.0,19.4351837083852,-99.14825788677066,3.0,1.0,1.0,2.0,1.0,365,1.0,262.5,23,23,42,42,0.0,0.0,0.0,4.91,4.9,4.84,4.8,4.8,4.8,4.7,22.0,0.0,0.0,0.0,1.7
https://www.airbnb.com/rooms/1191428184576529645,2023-11-20,within an hour,100%,92%,f,['phone'],Cuauhtémoc,Room in hotel,Hotel room,3 baths,"[""Iron"", ""Wifi"", ""Heating"", ""Self check-in"", ""Hangers"", ""Free parking on premises"", ""Carbon monoxide alarm"", ""Coffee maker"", ""First aid kit"", ""Essentials"", ""Shampoo"", ""Hot water"", ""Luggage dropoff allowed"", ""TV"", ""Bed linens"", ""Smoke alarm"", ""Extra pillows and blankets"", ""Fire extinguisher"", ""Air conditioning"", ""Gym"", ""Dedicated workspace"", ""Hair dryer"", ""Building staff""]","$4,467.00",t,09/11/2011,26/03/2023,t,1191428184576529645,547380140,23.0,23.0,19.43507,-99.14709,3.1,3.0,3.0,1.8,1.0,365,1.0,262.5,23,23,42,42,0.0,0.0,0.0,4.91,4.9,4.84,4.8,4.8,4.8,4.7,22.0,0.0,0.0,0.0,1.7
https://www.airbnb.com/rooms/1191428227798815826,2023-11-20,within an hour,100%,92%,f,['phone'],Cuauhtémoc,Room in hotel,Hotel room,3 baths,"[""Iron"", ""Wifi"", ""Heating"", ""Self check-in"", ""Hangers"", ""Free parking on premises"", ""Carbon monoxide alarm"", ""Coffee maker"", ""First aid kit"", ""Essentials"", ""Shampoo"", ""Hot water"", ""Luggage dropoff allowed"", ""TV"", ""Bed linens"", ""Smoke alarm"", ""Extra pillows and blankets"", ""Fire extinguisher"", ""Air conditioning"", ""Gym"", ""Dedicated workspace"", ""Hair dryer"", ""Building staff""]","$4,467.00",t,09/11/2011,26/03/2023,t,1191428227798815826,547380140,23.0,23.0,19.43550836080804,-99.14891651638165,3.1,3.0,3.0,1.8,1.0,365,1.0,262.5,23,23,42,42,0.0,0.0,0.0,4.91,4.9,4.84,4.8,4.8,4.8,4.7,22.0,0.0,0.0,0.0,1.7
https://www.airbnb.com/rooms/1191428312738873413,2023-11-20,within an hour,100%,92%,f,['phone'],Cuauhtémoc,Room in hotel,Hotel room,4 baths,"[""Iron"", ""Wifi"", ""Heating"", ""Self check-in"", ""Hangers"", ""Free parking on premises"", ""Carbon monoxide alarm"", ""Coffee maker"", ""First aid kit"", ""Essentials"", ""Shampoo"", ""Hot water"", ""Luggage dropoff allowed"", ""TV"", ""Bed linens"", ""Smoke alarm"", ""Extra pillows and blankets"", ""Fire extinguisher"", ""Air conditioning"", ""Gym"", ""Dedicated workspace"", ""Hair dryer"", ""Building staff""]","$5,951.00",t,09/11/2011,26/03/2023,t,1191428312738873413,547380140,23.0,23.0,19.43577,-99.14685,3.1,1.4,1.5,1.8,1.0,365,1.0,262.5,23,23,42,42,0.0,0.0,0.0,4.91,4.9,4.84,4.8,4.8,4.8,4.7,22.0,0.0,0.0,0.0,1.7
https://www.airbnb.com/rooms/1191428362849247701,2023-11-20,within an hour,100%,92%,f,['phone'],Cuauhtémoc,Room in hotel,Hotel room,4 baths,"[""Iron"", ""Wifi"", ""Heating"", ""Self check-in"", ""Hangers"", ""Free parking on premises"", ""Carbon monoxide alarm"", ""Coffee maker"", ""First aid kit"", ""Essentials"", ""Shampoo"", ""Hot water"", ""Luggage dropoff allowed"", ""TV"", ""Bed linens"", ""Smoke alarm"", ""Extra pillows and blankets"", ""Fire extinguisher"", ""Air conditioning"", ""Gym"", ""Dedicated workspace"", ""Hair dryer"", ""Building staff""]","$5,951.00",t,09/11/2011,26/03/2023,t,1191428362849247701,547380140,23.0,23.0,19.435254272017296,-99.14806447771883,3.1,1.4,1.5,1.8,1.0,365,1.0,262.5,23,23,42,42,0.0,0.0,0.0,4.91,4.9,4.84,4.8,4.8,4.8,4.7,22.0,0.0,0.0,0.0,1.7
https://www.airbnb.com/rooms/1191428395637843964,2023-11-20,within an hour,100%,92%,f,['phone'],Cuauhtémoc,Room in hotel,Hotel room,4 baths,"[""Iron"", ""Wifi"", ""Heating"", ""Self check-in"", ""Hangers"", ""Free parking on premises"", ""Carbon monoxide alarm"", ""Coffee maker"", ""First aid kit"", ""Essentials"", ""Shampoo"", ""Hot water"", ""Luggage dropoff allowed"", ""TV"", ""Bed linens"", ""Smoke alarm"", ""Extra pillows and blankets"", ""Fire extinguisher"", ""Air conditioning"", ""Gym"", ""Dedicated workspace"", ""Hair dryer"", ""Building staff""]","$5,951.00",t,09/11/2011,26/03/2023,t,1191428395637843964,547380140,23.0,23.0,19.43512544161741,-99.14722559448803,3.1,1.4,1.5,1.8,1.0,365,1.0,262.5,23,23,42,42,0.0,0.0,0.0,4.91,4.9,4.84,4.8,4.8,4.8,4.7,22.0,0.0,0.0,0.0,1.7
https://www.airbnb.com/rooms/1191428926525268705,2023-11-20,within an hour,100%,92%,f,['phone'],Cuauhtémoc,Room in hotel,Hotel room,1 bath,"[""Iron"", ""Wifi"", ""Heating"", ""Self check-in"", ""Hangers"", ""Free parking on premises"", ""Carbon monoxide alarm"", ""Coffee maker"", ""First aid kit"", ""Essentials"", ""Shampoo"", ""Hot water"", ""Luggage dropoff allowed"", ""TV"", ""Bed linens"", ""Smoke alarm"", ""Extra pillows and blankets"", ""Fire extinguisher"", ""Air conditioning"", ""Gym"", ""Dedicated workspace"", ""Hair dryer"", ""Building staff""]","$1,484.00",t,09/11/2011,26/03/2023,t,1191428926525268705,547380140,23.0,23.0,19.43713,-99.14841,2.0,1.0,1.0,1.0,1.0,365,1.0,262.5,26,26,45,45,0.0,0.0,0.0,4.91,4.9,4.84,4.8,4.8,4.8,4.7,22.0,0.0,0.0,0.0,1.7
https://www.airbnb.com/rooms/1191429332324761538,2023-11-20,within an hour,100%,92%,f,['phone'],Cuauhtémoc,Room in hotel,Hotel room,1 bath,"[""Iron"", ""Wifi"", ""Heating"", ""Self check-in"", ""Hangers"", ""Free parking on premises"", ""Carbon monoxide alarm"", ""Coffee maker"", ""First aid kit"", ""Essentials"", ""Shampoo"", ""Hot water"", ""Luggage dropoff allowed"", ""TV"", ""Bed linens"", ""Smoke alarm"", ""Extra pillows and blankets"", ""Fire extinguisher"", ""Air conditioning"", ""Gym"", ""Dedicated workspace"", ""Hair dryer"", ""Building staff""]","$1,484.00",t,09/11/2011,26/03/2023,t,1191429332324761538,547380140,23.0,23.0,19.43723969363611,-99.1483342656205,2.0,1.0,1.0,1.0,1.0,365,1.0,262.5,26,26,45,45,0.0,0.0,0.0,4.91,4.9,4.84,4.8,4.8,4.8,4.7,22.0,0.0,0.0,0.0,1.7
https://www.airbnb.com/rooms/1191429442567129398,2023-11-20,within an hour,100%,92%,f,['phone'],Cuauhtémoc,Room in hotel,Hotel room,2 baths,"[""Iron"", ""Wifi"", ""Heating"", ""Self check-in"", ""Hangers"", ""Free parking on premises"", ""Carbon monoxide alarm"", ""Coffee maker"", ""First aid kit"", ""Essentials"", ""Shampoo"", ""Hot water"", ""Luggage dropoff allowed"", ""TV"", ""Bed linens"", ""Smoke alarm"", ""Extra pillows and blankets"", ""Fire extinguisher"", ""Air conditioning"", ""Gym"", ""Dedicated workspace"", ""Hair dryer"", ""Building staff""]","$2,983.00",t,09/11/2011,26/03/2023,t,1191429442567129398,547380140,23.0,23.0,19.435173179706656,-99.14854381562876,4.0,2.0,2.0,2.0,1.0,365,1.0,262.5,25,25,44,44,0.0,0.0,0.0,4.91,4.9,4.84,4.8,4.8,4.8,4.7,22.0,0.0,0.0,0.0,1.7
https://www.airbnb.com/rooms/1191429570773350700,2023-11-20,within an hour,100%,92%,f,['phone'],Cuauhtémoc,Room in hotel,Hotel room,2 baths,"[""Iron"", ""Wifi"", ""Heating"", ""Self check-in"", ""Hangers"", ""Free parking on premises"", ""Carbon monoxide alarm"", ""Coffee maker"", ""First aid kit"", ""Essentials"", ""Shampoo"", ""Hot water"", ""Luggage dropoff allowed"", ""TV"", ""Bed linens"", ""Smoke alarm"", ""Extra pillows and blankets"", ""Fire extinguisher"", ""Air conditioning"", ""Gym"", ""Dedicated workspace"", ""Hair dryer"", ""Building staff""]","$2,983.00",t,09/11/2011,26/03/2023,t,1191429570773350700,547380140,23.0,23.0,19.43651,-99.14757,4.0,2.0,2.0,2.0,1.0,365,1.0,262.5,25,25,44,44,0.0,0.0,0.0,4.91,4.9,4.84,4.8,4.8,4.8,4.7,22.0,0.0,0.0,0.0,1.7
https://www.airbnb.com/rooms/1191429779968457005,2023-11-20,within an hour,100%,92%,f,['phone'],Cuauhtémoc,Room in hotel,Hotel room,2 baths,"[""Iron"", ""Wifi"", ""Heating"", ""Self check-in"", ""Hangers"", ""Free parking on premises"", ""Carbon monoxide alarm"", ""Coffee maker"", ""First aid kit"", ""Essentials"", ""Shampoo"", ""Hot water"", ""Luggage dropoff allowed"", ""TV"", ""Bed linens"", ""Smoke alarm"", ""Extra pillows and blankets"", ""Fire extinguisher"", ""Air conditioning"", ""Gym"", ""Dedicated workspace"", ""Hair dryer"", ""Building staff""]","$2,983.00",t,09/11/2011,26/03/2023,t,1191429779968457005,547380140,23.0,23.0,19.435522126290746,-99.14687029768751,4.0,2.0,2.0,2.0,1.0,365,1.0,262.5,25,25,44,44,0.0,0.0,0.0,4.91,4.9,4.84,4.8,4.8,4.8,4.7,22.0,0.0,0.0,0.0,1.7
https://www.airbnb.com/rooms/1191429861340531992,2023-11-20,within an hour,100%,92%,f,['phone'],Cuauhtémoc,Room in hotel,Hotel room,3 baths,"[""Iron"", ""Wifi"", ""Heating"", ""Self check-in"", ""Hangers"", ""Free parking on premises"", ""Carbon monoxide alarm"", ""Coffee maker"", ""First aid kit"", ""Essentials"", ""Shampoo"", ""Hot water"", ""Luggage dropoff allowed"", ""TV"", ""Bed linens"", ""Smoke alarm"", ""Extra pillows and blankets"", ""Fire extinguisher"", ""Air conditioning"", ""Gym"", ""Dedicated workspace"", ""Hair dryer"", ""Building staff""]","$4,467.00",t,09/11/2011,26/03/2023,t,1191429861340531992,547380140,23.0,23.0,19.437120412156897,-99.1474261830991,6.0,3.0,3.0,3.0,1.0,365,1.0,262.5,25,25,44,44,0.0,0.0,0.0,4.91,4.9,4.84,4.8,4.8,4.8,4.7,22.0,0.0,0.0,0.0,1.7
https://www.airbnb.com/rooms/1191429963571572038,2023-11-20,within an hour,100%,92%,f,['phone'],Cuauhtémoc,Room in hotel,Hotel room,3 baths,"[""Iron"", ""Wifi"", ""Heating"", ""Self check-in"", ""Hangers"", ""Free parking on premises"", ""Carbon monoxide alarm"", ""Coffee maker"", ""First aid kit"", ""Essentials"", ""Shampoo"", ""Hot water"", ""Luggage dropoff allowed"", ""TV"", ""Bed linens"", ""Smoke alarm"", ""Extra pillows and blankets"", ""Fire extinguisher"", ""Air conditioning"", ""Gym"", ""Dedicated workspace"", ""Hair dryer"", ""Building staff""]","$4,467.00",t,09/11/2011,26/03/2023,t,1191429963571572038,547380140,23.0,23.0,19.435193806747083,-99.14824030050173,6.0,3.0,3.0,3.0,1.0,365,1.0,262.5,25,25,44,44,0.0,0.0,0.0,4.91,4.9,4.84,4.8,4.8,4.8,4.7,22.0,0.0,0.0,0.0,1.7
https://www.airbnb.com/rooms/1191430000251731301,2023-11-20,within an hour,100%,92%,f,['phone'],Cuauhtémoc,Room in hotel,Hotel room,3 baths,"[""Iron"", ""Wifi"", ""Heating"", ""Self check-in"", ""Hangers"", ""Free parking on premises"", ""Carbon monoxide alarm"", ""Coffee maker"", ""First aid kit"", ""Essentials"", ""Shampoo"", ""Hot water"", ""Luggage dropoff allowed"", ""TV"", ""Bed linens"", ""Smoke alarm"", ""Extra pillows and blankets"", ""Fire extinguisher"", ""Air conditioning"", ""Gym"", ""Dedicated workspace"", ""Hair dryer"", ""Building staff""]","$4,467.00",t,09/11/2011,26/03/2023,t,1191430000251731301,547380140,23.0,23.0,19.43663,-99.148,6.0,3.0,3.0,3.0,1.0,365,1.0,262.5,25,25,44,44,0.0,0.0,0.0,4.91,4.9,4.84,4.8,4.8,4.8,4.7,22.0,0.0,0.0,0.0,1.7
https://www.airbnb.com/rooms/1191430079828817253,2023-11-20,within an hour,100%,92%,f,['phone'],Cuauhtémoc,Room in hotel,Hotel room,4 baths,"[""Iron"", ""Wifi"", ""Heating"", ""Self check-in"", ""Hangers"", ""Free parking on premises"", ""Carbon monoxide alarm"", ""Coffee maker"", ""First aid kit"", ""Essentials"", ""Shampoo"", ""Hot water"", ""Luggage dropoff allowed"", ""TV"", ""Bed linens"", ""Smoke alarm"", ""Extra pillows and blankets"", ""Fire extinguisher"", ""Air conditioning"", ""Gym"", ""Dedicated workspace"", ""Hair dryer"", ""Building staff""]","$5,951.00",t,09/11/2011,26/03/2023,t,1191430079828817253,547380140,23.0,23.0,19.435303667528714,-99.14860393536064,3.1,1.4,1.5,1.8,1.0,365,1.0,262.5,25,25,44,44,0.0,0.0,0.0,4.91,4.9,4.84,4.8,4.8,4.8,4.7,22.0,0.0,0.0,0.0,1.7
https://www.airbnb.com/rooms/1191430130484570539,2023-11-20,within an hour,100%,92%,f,['phone'],Cuauhtémoc,Room in hotel,Hotel room,4 baths,"[""Iron"", ""Wifi"", ""Heating"", ""Self check-in"", ""Hangers"", ""Free parking on premises"", ""Carbon monoxide alarm"", ""Coffee maker"", ""First aid kit"", ""Essentials"", ""Shampoo"", ""Hot water"", ""Luggage dropoff allowed"", ""TV"", ""Bed linens"", ""Smoke alarm"", ""Extra pillows and blankets"", ""Fire extinguisher"", ""Air conditioning"", ""Gym"", ""Dedicated workspace"", ""Hair dryer"", ""Building staff""]","$5,951.00",t,09/11/2011,26/03/2023,t,1191430130484570539,547380140,23.0,23.0,19.437363070601226,-99.14869788409932,3.1,1.4,1.5,1.8,1.0,365,1.0,262.5,25,25,44,44,0.0,0.0,0.0,4.91,4.9,4.84,4.8,4.8,4.8,4.7,22.0,0.0,0.0,0.0,1.7
https://www.airbnb.com/rooms/1191430238014754309,2023-11-20,within an hour,100%,92%,f,['phone'],Cuauhtémoc,Room in hotel,Hotel room,4 baths,"[""Iron"", ""Wifi"", ""Heating"", ""Self check-in"", ""Hangers"", ""Free parking on premises"", ""Carbon monoxide alarm"", ""Coffee maker"", ""First aid kit"", ""Essentials"", ""Shampoo"", ""Hot water"", ""Luggage dropoff allowed"", ""TV"", ""Bed linens"", ""Smoke alarm"", ""Extra pillows and blankets"", ""Fire extinguisher"", ""Air conditioning"", ""Gym"", ""Dedicated workspace"", ""Hair dryer"", ""Building staff""]","$5,951.00",t,09/11/2011,26/03/2023,t,1191430238014754309,547380140,23.0,23.0,19.43577969616317,-99.14661243726432,3.1,1.4,1.5,1.8,1.0,365,1.0,262.5,25,25,44,44,0.0,0.0,0.0,4.91,4.9,4.84,4.8,4.8,4.8,4.7,22.0,0.0,0.0,0.0,1.7
https://www.airbnb.com/rooms/1191430521084135024,2023-11-20,within an hour,100%,92%,f,['phone'],Cuauhtémoc,Room in hotel,Hotel room,1 bath,"[""Iron"", ""Wifi"", ""Heating"", ""Self check-in"", ""Hangers"", ""Free parking on premises"", ""Carbon monoxide alarm"", ""Coffee maker"", ""First aid kit"", ""Essentials"", ""Shampoo"", ""Hot water"", ""Luggage dropoff allowed"", ""TV"", ""Bed linens"", ""Smoke alarm"", ""Extra pillows and blankets"", ""Fire extinguisher"", ""Air conditioning"", ""Gym"", ""Dedicated workspace"", ""Hair dryer"", ""Building staff""]","$1,484.00",t,09/11/2011,26/03/2023,t,1191430521084135024,547380140,23.0,23.0,19.43517956766124,-99.14678971728203,2.0,1.0,1.0,1.0,1.0,365,1.0,262.5,26,26,45,45,0.0,0.0,0.0,4.91,4.9,4.84,4.8,4.8,4.8,4.7,22.0,0.0,0.0,0.0,1.7
https://www.airbnb.com/rooms/1191431981766770022,2023-11-20,within an hour,100%,92%,f,['phone'],Cuauhtémoc,Room in hotel,Hotel room,1 bath,"[""Iron"", ""Wifi"", ""Heating"", ""Self check-in"", ""Hangers"", ""Free parking on premises"", ""Carbon monoxide alarm"", ""Coffee maker"", ""First aid kit"", ""Essentials"", ""Shampoo"", ""Hot water"", ""Luggage dropoff allowed"", ""TV"", ""Bed linens"", ""Smoke alarm"", ""Extra pillows and blankets"", ""Fire extinguisher"", ""Air conditioning"", ""Gym"", ""Dedicated workspace"", ""Hair dryer"", ""Building staff""]","$1,484.00",t,09/11/2011,26/03/2023,t,1191431981766770022,547380140,23.0,23.0,19.436567165131404,-99.14663899465071,3.0,1.0,1.0,2.0,1.0,365,1.0,262.5,23,23,42,42,0.0,0.0,0.0,4.91,4.9,4.84,4.8,4.8,4.8,4.7,22.0,0.0,0.0,0.0,1.7
