id,listing_url,host_since,host_response_time,host_response_rate,host_acceptance_rate,host_is_superhost,host_verifications,neighbourhood_cleansed,property_type,room_type,bathrooms_text,amenities,price,has_availability,first_review,last_review,instant_bookable,host_listings_count,host_total_listings_count,latitude,longitude,accommodates,bathrooms,bedrooms,beds,minimum_nights,maximum_nights,minimum_nights_avg_ntm,maximum_nights_avg_ntm,availability_30,availability_60,availability_90,availability_365,number_of_reviews,number_of_reviews_ltm,number_of_reviews_l30d,review_scores_rating,review_scores_accuracy,review_scores_cleanliness,review_scores_checkin,review_scores_communication,review_scores_location,review_scores_value,calculated_host_listings_count,calculated_host_listings_count_entire_homes,calculated_host_listings_count_private_rooms,calculated_host_listings_count_shared_rooms,reviews_per_month
183634.0,https://www.airbnb.com/rooms/183634,27/07/2011,within a few hours,100%,78%,f,"['email', 'phone', 'work_email']",Allach-Untermenzing,Shared room in ice dome,Shared room,1.5 shared baths,"[""Microwave"", ""Coffee maker"", ""Dishwasher"", ""Dishes and silverware"", ""Wifi"", ""Waterfront"", ""Refrigerator"", ""Elevator""]",$50.00,t,25/09/2022,25/09/2022,t,2.0,4.0,48.17532,11.6,2.7,1.1,1.0,1.0,1.0,730.0,1.0,730.0,29,59,89,364,1.0,0.0,0.0,4.8,4.8,4.8,4.9,4.9,4.8,4.7,1.0,0.0,0.0,0.0,0.04
186596.0,https://www.airbnb.com/rooms/186596,02/08/2011,Estado de manera desconocida,100%,0%,f,"['email', 'phone']",Au-Haidhausen,Shared room in rental unit,Shared room,1 shared bath,"[""Heating"", ""Coffee maker"", ""Dishes and silverware"", ""Host greets you"", ""Bed linens"", ""Hangers"", ""TV"", ""Washer"", ""Microwave"", ""Iron"", ""Paid parking off premises"", ""Cooking basics"", ""Hot water"", ""Oven"", ""Hair dryer"", ""Essentials"", ""Refrigerator"", ""Smoke alarm"", ""Carbon monoxide alarm"", ""Kitchen"", ""Wifi""]",$82.00,t,16/04/2012,02/01/2020,f,1.0,4.7,48.12008,11.57725,5.0,1.0,1.0,3.0,1.0,334.1,1.0,1125.0,0,0,0,1,16.5,0.0,0.0,4.65,4.75,4.76,4.88,4.85,4.75,4.53,1.0,0.0,0.0,0.0,1.07
8048461.0,https://www.airbnb.com/rooms/8048461,07/07/2011,within a day,90%,76%,t,"['email', 'phone']",Thalkirchen-Obersendling-Forstenried-Fürstenried-Solln,Shared room in rental unit,Shared room,1 shared bath,"[""Luggage dropoff allowed"", ""Heating"", ""Shared backyard"", ""Hot water kettle"", ""Dishes and silverware"", ""Blender"", ""Elevator"", ""Bed linens"", ""Dedicated workspace"", ""Cleaning products"", ""Fire extinguisher"", ""Laundromat nearby"", ""Iron"", ""Coffee maker: Nespresso"", ""Rice maker"", ""Room-darkening shades"", ""Waterfront"", ""Patio or balcony"", ""Cooking basics"", ""Paid parking lot on premises"", ""Hot water"", ""Oven"", ""Electric stove"", ""Hair dryer"", ""First aid kit"", ""Coffee"", ""Essentials"", ""Dishwasher"", ""Window guards"", ""Paid street parking off premises"", ""Shampoo"", ""Baking sheet"", ""Smoke alarm"", ""Barbecue utensils"", ""Dining table"", ""Kitchen"", ""Wifi"", ""Mini fridge"", ""Toaster"", ""Bikes""]",$76.00,t,25/09/2016,05/10/2023,f,2.0,2.0,48.10207,11.54435,6.0,1.0,1.0,1.5,1.0,7.0,1.0,7.0,2,2,2,269,21.0,2.0,0.0,4.81,4.57,4.9,4.95,4.95,4.9,4.57,2.0,0.0,1.0,0.0,0.22
9375891.0,https://www.airbnb.com/rooms/9375891,06/09/2012,within an hour,100%,70%,f,"['email', 'phone']",Moosach,Shared room in loft,Shared room,1 shared bath,"[""Luggage dropoff allowed"", ""Heating"", ""Hot water kettle"", ""Coffee maker"", ""Dishes and silverware"", ""Stove"", ""Host greets you"", ""Portable fans"", ""Bed linens"", ""Hangers"", ""Ethernet connection"", ""Washer"", ""Laundromat nearby"", ""Microwave"", ""Iron"", ""Free street parking"", ""Paid parking off premises"", ""Bathtub"", ""Cooking basics"", ""Hot water"", ""Oven"", ""Hair dryer"", ""Shower gel"", ""Extra pillows and blankets"", ""TV with standard cable"", ""Conditioner"", ""Essentials"", ""Dishwasher"", ""Shampoo"", ""Refrigerator"", ""Smoke alarm"", ""Kitchen"", ""Wifi"", ""Breakfast""]",$189.00,t,24/09/2018,01/10/2023,f,1.0,1.0,48.18181,11.50935,5.0,1.1,1.0,1.6,1.0,90.0,1.3,90.0,0,0,0,0,24.0,2.0,0.0,4.96,4.92,4.96,4.96,5.0,4.79,4.71,1.0,0.0,0.0,0.0,0.33
14726865.0,https://www.airbnb.com/rooms/14726865,24/08/2016,Estado de manera desconocida,100%,39%,f,"['email', 'phone']",Neuhausen-Nymphenburg,Shared room in rental unit,Shared room,1 shared bath,"[""TV"", ""Heating"", ""Washer"", ""Hair dryer"", ""Dryer"", ""Iron"", ""Essentials"", ""Kitchen"", ""Breakfast"", ""Wifi"", ""Shampoo"", ""Elevator""]",$200.00,t,2011-06-19,2024-12-05,f,1.0,1.0,48.14569,11.53166,2.0,1.1,1.0,1.6,1.0,334.1,1.0,1125.0,0,0,0,0,0.0,0.0,0.0,4.9,4.8,5.0,4.86,5.0,4.9,4.5,1.0,0.0,0.0,0.0,0.46
15093949.0,https://www.airbnb.com/rooms/15093949,17/09/2016,Estado de manera desconocida,100%,96%,f,"['email', 'phone']",Milbertshofen-Am Hart,Shared room in rental unit,Shared room,1 shared bath,"[""Smoke alarm"", ""Dedicated workspace"", ""TV"", ""Heating"", ""Washer"", ""Essentials"", ""Kitchen"", ""Wifi""]",$150.00,t,04/10/2016,17/05/2018,f,1.0,2.0,48.1,11.58617,1.0,1.1,1.0,1.6,6.0,30.0,6.0,1125.0,0,0,0,0,4.0,0.0,0.0,4.5,4.75,4.5,4.75,4.9,4.5,4.25,1.0,0.0,0.0,0.0,0.04
15098155.0,https://www.airbnb.com/rooms/15098155,17/09/2016,Estado de manera desconocida,100%,100%,f,"['email', 'phone']",Sendling,Shared room in rental unit,Shared room,1.5 shared baths,"[""Heating"", ""Dishes and silverware"", ""Stove"", ""Elevator"", ""Washer"", ""Microwave"", ""Paid parking off premises"", ""Patio or balcony"", ""Hot water"", ""Oven"", ""Cleaning available during stay"", ""Hair dryer"", ""Essentials"", ""Dishwasher"", ""Shampoo"", ""Refrigerator"", ""Smoking allowed"", ""Smoke alarm"", ""Kitchen"", ""Wifi""]",$168.00,t,02/10/2016,25/09/2019,f,1.0,4.0,48.12351,11.53841,4.0,1.1,1.0,1.6,3.0,4.0,3.0,4.0,0,0,0,0,4.0,0.0,0.0,4.8,4.75,4.5,4.9,4.9,5.0,4.7,1.0,0.0,0.0,0.0,0.04
17085252.0,https://www.airbnb.com/rooms/17085252,10/09/2014,within a few hours,100%,44%,f,"['email', 'phone']",Laim,Shared room in condo,Shared room,1 shared bath,"[""Outdoor furniture"", ""Heating"", ""Paid washer \u2013 In unit"", ""Coffee maker"", ""Dishes and silverware"", ""Stove"", ""Bed linens"", ""Shared patio or balcony"", ""Cooking basics"", ""Hot water"", ""Oven"", ""Hair dryer"", ""First aid kit"", ""Essentials"", ""Refrigerator"", ""Smoke alarm"", ""Paid dryer \u2013 In unit"", ""Outdoor dining area"", ""Kitchen""]","$1,979.00",t,26/03/2017,01/09/2024,f,1.0,1.0,48.13343296,11.49816782,1.0,1.1,1.0,1.6,2.0,334.1,2.0,1125.0,1,1,1,1,39.0,6.0,1.0,4.92,4.87,4.79,4.95,4.97,4.9,4.9,1.0,0.0,0.0,0.0,0.43
20726907.0,https://www.airbnb.com/rooms/20726907,25/06/2017,Estado de manera desconocida,100%,28%,f,"['email', 'phone']",Bogenhausen,Shared room in rental unit,Shared room,1 shared bath,"[""Smoke alarm"", ""Hangers"", ""Hot water"", ""Heating"", ""Free parking on premises"", ""Hair dryer"", ""TV with standard cable"", ""Iron"", ""Essentials"", ""Kitchen"", ""Wifi"", ""Smoking allowed"", ""Bed linens""]",$237.00,t,23/09/2017,23/06/2018,f,1.0,1.0,48.15299,11.60208,2.0,1.1,1.0,1.6,2.0,7.0,2.0,7.0,0,0,0,0,3.0,0.0,0.0,4.67,5.0,5.0,5.0,5.0,4.67,4.33,1.0,0.0,0.0,0.0,0.04
22550531.0,https://www.airbnb.com/rooms/22550531,12/11/2016,Estado de manera desconocida,0%,0%,f,"['email', 'phone']",Milbertshofen-Am Hart,Shared room in condo,Shared room,1 shared bath,"[""Smoke alarm"", ""Fire extinguisher"", ""Hangers"", ""Carbon monoxide alarm"", ""Hot water"", ""Washer"", ""Heating"", ""Hair dryer"", ""Dryer"", ""Iron"", ""TV with standard cable"", ""Air conditioning"", ""Essentials"", ""Kitchen"", ""Wifi"", ""Elevator""]",$123.00,t,2011-06-19,2024-12-05,f,1.0,1.0,48.18238,11.5503,1.0,1.1,1.0,1.6,4.5,334.1,4.6,1125.0,0,0,0,0,0.0,0.0,0.0,4.9,4.8,4.83,4.97,5.0,4.9,4.83,1.0,0.0,0.0,0.0,0.39
27589026.0,https://www.airbnb.com/rooms/27589026,02/03/2018,within an hour,100%,100%,f,"['email', 'phone', 'work_email']",Allach-Untermenzing,Shared room in tent,Shared room,8 shared baths,"[""Luggage dropoff allowed"", ""Outdoor furniture"", ""Hot water kettle"", ""Outdoor shower"", ""Backyard"", ""Host greets you"", ""Cleaning products"", ""Fire extinguisher"", ""Paid dryer \u2013 In building"", ""Free street parking"", ""Trash compactor"", ""Hot water"", ""First aid kit"", ""Coffee"", ""Ping pong table"", ""Smoking allowed"", ""Paid washer \u2013 In building"", ""Dining table"", ""Theme room"", ""Outdoor dining area"", ""Exterior security cameras on property"", ""Breakfast""]",$75.00,t,2011-06-19,2024-12-05,t,3.6,4.7,48.17375,11.6,2.0,1.1,1.0,2.0,2.0,18.0,2.0,18.0,9,9,9,49,0.0,0.0,0.0,4.9,4.8,4.59,5.0,5.0,4.9,4.63,2.1,1.0,0.6,0.0,0.22
28380405.0,https://www.airbnb.com/rooms/28380405,08/09/2018,Estado de manera desconocida,0%,100%,f,"['email', 'phone']",Maxvorstadt,Shared room in rental unit,Shared room,1 shared bath,"[""Luggage dropoff allowed"", ""Heating"", ""Single level home"", ""Dishes and silverware"", ""Stove"", ""Elevator"", ""Bed linens"", ""Hangers"", ""Washer"", ""Microwave"", ""Iron"", ""Paid parking off premises"", ""Cooking basics"", ""Hot water"", ""Oven"", ""Hair dryer"", ""Extra pillows and blankets"", ""TV with standard cable"", ""Essentials"", ""Shampoo"", ""Refrigerator"", ""Smoke alarm"", ""Kitchen"", ""Wifi""]",$150.00,t,23/09/2018,28/10/2022,f,1.0,1.0,48.15536,11.56089,2.0,1.1,1.0,1.6,1.0,334.1,1.0,1125.0,0,0,0,0,20.0,0.0,0.0,4.8,4.8,4.5,4.95,5.0,4.95,4.75,1.0,0.0,0.0,0.0,0.27
28694251.0,https://www.airbnb.com/rooms/28694251,18/08/2012,within a few hours,73%,20%,f,"['email', 'phone']",Sendling-Westpark,Shared room in rental unit,Shared room,1 shared bath,"[""Smoke alarm"", ""Cooking basics"", ""Hot water"", ""Washer"", ""Heating"", ""Free parking on premises"", ""First aid kit"", ""Iron"", ""Essentials"", ""Kitchen"", ""Dishes and silverware"", ""Free street parking"", ""Wifi"", ""Shampoo"", ""Refrigerator""]",$48.00,t,23/09/2018,25/08/2024,f,3.6,4.7,48.10514,11.50725,2.7,1.0,1.0,2.0,1.0,28.0,1.0,28.0,22,52,82,82,21.0,3.0,0.0,4.8,4.52,4.8,4.76,4.9,4.8,4.24,2.1,0.0,1.0,0.0,0.29
30223694.0,https://www.airbnb.com/rooms/30223694,02/03/2018,within an hour,100%,100%,f,"['email', 'phone', 'work_email']",Allach-Untermenzing,Shared room in tipi,Shared room,1 shared bath,"[""Fire extinguisher"", ""BBQ grill"", ""Washer"", ""First aid kit"", ""Dryer"", ""Free street parking"", ""Wifi"", ""Smoking allowed"", ""Backyard"", ""Host greets you"", ""Breakfast""]",$70.00,t,2011-06-19,2024-12-05,t,3.6,4.7,48.17508,11.6,2.7,1.0,1.0,0.0,2.0,18.0,2.0,18.0,0,0,0,241,0.0,0.0,0.0,4.9,4.8,4.55,4.95,5.0,4.9,4.65,2.1,1.0,0.6,0.0,0.3
33716757.0,https://www.airbnb.com/rooms/33716757,13/12/2013,within a day,100%,41%,f,"['email', 'phone']",Pasing-Obermenzing,Shared room in rental unit,Shared room,1 bath,"[""Smoke alarm"", ""Dedicated workspace"", ""Heating"", ""Washer"", ""Free parking on premises"", ""Hair dryer"", ""Dryer"", ""Air conditioning"", ""Iron"", ""Kitchen"", ""Wifi"", ""Elevator""]",$79.00,t,13/04/2019,24/09/2023,f,2.0,3.0,48.14699,11.6,1.0,1.1,1.0,1.0,2.0,5.0,2.0,5.0,9,9,9,276,19.0,0.0,0.0,4.95,5.0,4.89,4.95,5.0,4.79,4.74,1.0,0.0,0.0,0.0,0.29
34704981.0,https://www.airbnb.com/rooms/34704981,14/05/2019,Estado de manera desconocida,100%,100%,f,"['email', 'phone']",Schwabing-Freimann,Shared room in rental unit,Shared room,1 shared bath,"[""Smoke alarm"", ""TV"", ""Paid parking on premises"", ""Washer"", ""Pets allowed"", ""Kitchen"", ""Wifi"", ""Refrigerator""]",$200.00,t,15/06/2023,15/06/2023,f,2.0,2.0,48.1657802,11.5899686,1.0,1.0,1.0,1.0,1.0,7.0,1.0,7.0,30,60,90,365,1.0,0.0,0.0,5.0,5.0,5.0,5.0,5.0,5.0,4.0,1.0,0.0,0.0,0.0,0.06
36315998.0,https://www.airbnb.com/rooms/36315998,18/08/2012,within a few hours,73%,20%,f,"['email', 'phone']",Hadern,Shared room,Shared room,1 shared bath,"[""Luggage dropoff allowed"", ""Heating"", ""Free parking on premises"", ""Children\u2019s books and toys"", ""Dishes and silverware"", ""Host greets you"", ""Bed linens"", ""Dedicated workspace"", ""Washer"", ""Microwave"", ""Iron"", ""Free street parking"", ""Cooking basics"", ""Hot water"", ""Cleaning available during stay"", ""Hair dryer"", ""Extra pillows and blankets"", ""Essentials"", ""Dishwasher"", ""Long term stays allowed"", ""Refrigerator"", ""Smoke alarm"", ""Kitchen"", ""Wifi""]",$48.00,t,19/07/2019,30/09/2023,f,3.6,4.7,48.10703,11.48526,2.7,1.0,1.0,0.0,1.0,28.0,1.0,28.0,26,56,86,86,8.0,2.0,0.0,4.8,4.8,4.8,4.9,4.9,4.8,4.7,2.1,0.0,1.0,0.0,0.13
37253453.0,https://www.airbnb.com/rooms/37253453,29/07/2019,Estado de manera desconocida,100%,100%,f,"['email', 'phone']",Ramersdorf-Perlach,Shared room in rental unit,Shared room,1 shared bath,"[""Heating"", ""Dryer"", ""Dishes and silverware"", ""Elevator"", ""Bed linens"", ""TV"", ""Washer"", ""Microwave"", ""Patio or balcony"", ""Cooking basics"", ""Hot water"", ""Oven"", ""Hair dryer"", ""Essentials"", ""Shampoo"", ""Refrigerator"", ""Smoking allowed"", ""Kitchen"", ""Wifi""]",$106.00,t,2011-06-19,2024-12-05,f,1.0,1.0,48.11177,11.63946,2.0,1.1,1.0,1.6,4.5,14.0,4.6,14.0,0,0,0,0,0.0,0.0,0.0,4.9,4.8,4.84,4.83,5.0,4.9,4.7,1.0,0.0,0.0,0.0,0.1
38019558.0,https://www.airbnb.com/rooms/38019558,23/08/2019,within an hour,100%,70%,f,"['email', 'phone']",Schwanthalerhöhe,Shared room in rental unit,Shared room,1 shared bath,"[""Smoke alarm"", ""Heating"", ""Hot water"", ""Washer"", ""Iron"", ""Essentials"", ""Kitchen"", ""Wifi"", ""Elevator""]",$800.00,t,02/09/2024,02/09/2024,f,3.0,4.0,48.13875,11.52706,1.0,1.1,1.0,1.6,1.0,2.0,1.0,2.0,1,1,1,1,1.0,1.0,1.0,5.0,5.0,4.8,4.9,5.0,5.0,5.0,3.0,0.0,2.0,0.0,1.0
39957677.0,https://www.airbnb.com/rooms/39957677,08/11/2019,within an hour,99%,99%,f,"['email', 'phone']",Ludwigsvorstadt-Isarvorstadt,Shared room in hostel,Shared room,4 shared baths,"[""Smoke alarm"", ""Fire extinguisher"", ""Luggage dropoff allowed"", ""Hangers"", ""Carbon monoxide alarm"", ""Heating"", ""Washer"", ""Hair dryer"", ""Microwave"", ""Dryer"", ""First aid kit"", ""Paid parking garage off premises"", ""Building staff"", ""Self check-in"", ""Wifi"", ""Exterior security cameras on property"", ""Refrigerator"", ""Elevator""]",$999.00,t,17/03/2020,20/09/2024,f,3.6,4.7,48.1385,11.56028,3.0,1.1,1.0,3.0,1.0,334.1,1.0,879.1,14,44,74,83,16.5,5.3,0.5,4.76,4.8,4.76,4.91,4.9,4.79,4.74,2.1,0.0,0.6,0.0,1.0
39959901.0,https://www.airbnb.com/rooms/39959901,08/11/2019,within an hour,99%,99%,f,"['email', 'phone']",Ludwigsvorstadt-Isarvorstadt,Shared room in hostel,Shared room,2.5 shared baths,"[""Smoke alarm"", ""Fire extinguisher"", ""Carbon monoxide alarm"", ""Heating"", ""Washer"", ""Hair dryer"", ""Dryer"", ""First aid kit"", ""Wifi"", ""Exterior security cameras on property"", ""Shampoo"", ""Elevator""]",$999.00,t,27/09/2020,20/09/2024,f,3.6,4.7,48.13736,11.55937,1.0,1.1,1.0,1.5,1.0,334.1,1.0,876.9,16,46,76,85,16.5,5.3,0.5,4.74,4.8,4.74,4.92,4.88,4.81,4.72,2.1,0.0,0.6,0.0,1.0
51873589.0,https://www.airbnb.com/rooms/51873589,06/09/2015,Estado de manera desconocida,100%,84%,f,"['email', 'phone']",Neuhausen-Nymphenburg,Shared room in rental unit,Shared room,1 shared bath,"[""Heating"", ""Hot water kettle"", ""Single level home"", ""Dishes and silverware"", ""Blender"", ""Stove"", ""Wine glasses"", ""Bed linens"", ""Elevator"", ""Dedicated workspace"", ""Cleaning products"", ""Hangers"", ""TV"", ""Laundromat nearby"", ""Iron"", ""Freezer"", ""Room-darkening shades"", ""Paid parking off premises"", ""Bathtub"", ""Cooking basics"", ""Hot water"", ""Oven"", ""Hair dryer"", ""Shower gel"", ""Essentials"", ""Dishwasher"", ""Drying rack for clothing"", ""Shampoo"", ""Refrigerator"", ""Baking sheet"", ""Smoke alarm"", ""Piano"", ""Game console"", ""Carbon monoxide alarm"", ""Private patio or balcony"", ""Dining table"", ""Kitchen"", ""Wifi"", ""Toaster""]",$231.00,t,23/10/2021,03/02/2022,f,2.0,2.0,48.14829,11.53523,2.0,1.1,1.0,1.6,1.0,3.0,1.0,1125.0,0,0,0,0,5.0,0.0,0.0,5.0,5.0,5.0,5.0,5.0,4.8,4.8,2.0,1.0,0.0,0.0,0.14
52074676.0,https://www.airbnb.com/rooms/52074676,21/08/2016,a few days or more,10%,0%,f,"['email', 'phone']",Au-Haidhausen,Shared room in condo,Shared room,1 shared bath,"[""Free parking on premises"", ""Dishes and silverware"", ""Elevator"", ""Cleaning products"", ""Hangers"", ""TV"", ""Washer"", ""Exercise equipment"", ""Iron"", ""Garden view"", ""Cooking basics"", ""Hot water"", ""Shared backyard \u2013 Not fully fenced"", ""Extra pillows and blankets"", ""Coffee"", ""Essentials"", ""Refrigerator"", ""Books and reading material"", ""Baking sheet"", ""Head & shoulder shampoo"", ""Hot tub"", ""Board games"", ""Kitchen"", ""Wifi"", ""Mini fridge""]",$50.00,t,17/08/2022,31/10/2022,f,1.0,1.0,48.12732,11.5898,1.0,1.0,1.0,1.0,1.0,365.0,1.0,365.0,18,48,78,78,3.0,0.0,0.0,4.67,4.67,5.0,4.67,4.9,5.0,5.0,1.0,0.0,0.0,0.0,0.12
54029172.0,https://www.airbnb.com/rooms/54029172,06/07/2016,Estado de manera desconocida,0%,84%,f,"['email', 'phone']",Milbertshofen-Am Hart,Shared room in rental unit,Shared room,1 shared bath,"[""Dedicated workspace"", ""Heating"", ""Hair dryer"", ""Coffee maker"", ""Iron"", ""Essentials"", ""Kitchen"", ""Free street parking"", ""Wifi"", ""Refrigerator"", ""Patio or balcony""]",$140.00,t,31/12/2021,29/10/2022,f,1.0,1.0,48.17804,11.56983,2.0,1.1,1.0,1.6,1.0,60.0,1.0,60.0,0,0,0,0,40.0,0.0,0.0,4.58,4.8,4.28,4.85,4.95,4.73,4.6,1.0,0.0,0.0,0.0,1.2
6.75396e+17,https://www.airbnb.com/rooms/675395687560444663,26/09/2019,within a day,100%,90%,f,"['email', 'phone']",Berg am Laim,Shared room in rental unit,Shared room,1 shared bath,"[""Shared backyard"", ""Hot water kettle"", ""Free parking on premises"", ""Coffee maker"", ""Dishes and silverware"", ""Host greets you"", ""Portable fans"", ""Elevator"", ""Bed linens"", ""Dedicated workspace"", ""Cleaning products"", ""Free washer \u2013 In unit"", ""Hangers"", ""Fire extinguisher"", ""EV charger"", ""Iron"", ""Freezer"", ""Free street parking"", ""Room-darkening shades"", ""Bathtub"", ""Cooking basics"", ""Hot water"", ""Oven"", ""Electric stove"", ""Hair dryer"", ""Shower gel"", ""Extra pillows and blankets"", ""First aid kit"", ""Coffee"", ""Essentials"", ""Dishwasher"", ""Drying rack for clothing"", ""Shampoo"", ""Refrigerator"", ""Baking sheet"", ""Smoke alarm"", ""TV with Fire TV"", ""Central heating"", ""Private patio or balcony"", ""Board games"", ""Dining table"", ""Kitchen"", ""Wifi"", ""Body soap""]",$115.00,t,18/09/2022,22/09/2024,f,1.0,1.0,48.13201,11.62067,2.0,1.1,1.0,1.6,1.0,7.0,1.0,7.0,0,0,0,0,34.0,7.0,1.0,4.82,4.76,4.76,4.82,4.88,4.68,4.68,1.0,0.0,0.0,0.0,1.38
6.87443e+17,https://www.airbnb.com/rooms/687443113487896053,02/07/2015,Estado de manera desconocida,100%,29%,f,"['email', 'phone']",Au-Haidhausen,Shared room in earthen home,Shared room,0 shared baths,"[""Hot water kettle"", ""Coffee maker"", ""Dishes and silverware"", ""Blender"", ""Stove"", ""Wine glasses"", ""Bed linens"", ""Cleaning products"", ""TV"", ""Washer"", ""Sound system"", ""Iron"", ""Freezer"", ""Room-darkening shades"", ""Patio or balcony"", ""Bathtub"", ""Cooking basics"", ""Hot water"", ""Oven"", ""Hair dryer"", ""Clothing storage"", ""Shower gel"", ""Essentials"", ""Dishwasher"", ""Long term stays allowed"", ""Drying rack for clothing"", ""Shampoo"", ""Refrigerator"", ""Baking sheet"", ""Smoke alarm"", ""Piano"", ""Central heating"", ""Dining table"", ""Outdoor dining area"", ""Kitchen"", ""Wifi"", ""Body soap""]","$96,274.00",t,2011-06-19,2024-12-05,f,1.0,1.0,48.1283534,11.5967883,1.0,1.1,1.0,1.0,4.5,334.1,4.6,1125.0,30,60,90,180,0.0,0.0,0.0,4.9,4.8,4.25,5.0,5.0,4.9,4.0,1.0,0.0,0.0,0.0,0.04
7.07173e+17,https://www.airbnb.com/rooms/707173026379442122,18/05/2017,within a few hours,86%,14%,f,"['email', 'phone']",Schwabing-West,Shared room in rental unit,Shared room,1 shared bath,"[""Smoke alarm"", ""Washer"", ""Free parking on premises"", ""Hair dryer"", ""First aid kit"", ""Iron"", ""Kitchen"", ""Wifi"", ""Smoking allowed""]",$80.00,t,25/09/2022,28/07/2024,f,1.0,2.0,48.15852,11.57836,2.0,1.0,1.0,2.0,1.0,3.0,1.0,3.0,25,55,85,85,13.0,3.0,0.0,4.8,4.8,4.38,4.85,4.92,5.0,4.15,1.0,0.0,0.0,0.0,0.53
7.3397e+17,https://www.airbnb.com/rooms/733969526987799181,27/08/2019,within an hour,100%,71%,f,"['email', 'phone']",Obergiesing,Shared room in rental unit,Shared room,1 shared bath,"[""Dedicated workspace"", ""TV"", ""Washer"", ""Free parking on premises"", ""Outdoor dining area"", ""Kitchen"", ""Wifi""]",$666.00,t,16/10/2022,25/10/2022,t,2.0,2.0,48.10488,11.58868,1.0,1.1,1.0,1.6,1.0,365.0,1.0,365.0,0,0,0,0,2.0,0.0,0.0,5.0,5.0,5.0,5.0,5.0,5.0,5.0,2.0,0.0,1.0,0.0,0.08
8.10625e+17,https://www.airbnb.com/rooms/810625043353778502,15/01/2023,within an hour,80%,50%,f,"['email', 'phone']",Ramersdorf-Perlach,Shared room in rental unit,Shared room,1 shared bath,"[""BBQ grill"", ""TV"", ""Kitchen"", ""Wifi"", ""Smoking allowed""]",$45.00,t,27/03/2023,17/08/2024,f,1.0,1.0,48.09256161,11.62785093,1.0,1.0,1.0,1.0,1.0,3.0,1.0,3.0,24,54,84,359,12.0,6.0,0.0,4.8,4.8,4.8,4.9,4.9,4.5,4.0,1.0,0.0,0.0,0.0,0.66
8.49006e+17,https://www.airbnb.com/rooms/849005718730632965,21/06/2021,within a few hours,100%,0%,f,['phone'],Feldmoching-Hasenbergl,Shared room in rental unit,Shared room,1 shared bath,"[""Hot water kettle"", ""Dishes and silverware"", ""Host greets you"", ""Wine glasses"", ""Paid dryer"", ""Cleaning products"", ""Outdoor playground"", ""TV"", ""Dedicated workspace"", ""Washer"", ""Microwave"", ""Coffee maker: Nespresso"", ""Freezer"", ""Free street parking"", ""Room-darkening shades"", ""Bathtub"", ""Cooking basics"", ""Hot water"", ""Electric stove"", ""Shared backyard \u2013 Not fully fenced"", ""Hair dryer"", ""Coffee"", ""Dishwasher"", ""\u2026 refrigerator"", ""Stainless steel single oven"", ""Baking sheet"", ""Smoke alarm"", ""Central heating"", ""Private patio or balcony"", ""Board games"", ""Dining table"", ""Kitchen"", ""Wifi"", ""Toaster""]",$33.00,t,2011-06-19,2024-12-05,f,1.0,3.0,48.1,11.5460103,1.0,1.0,1.0,0.0,1.0,365.0,1.0,365.0,23,30,54,329,0.0,0.0,0.0,4.9,4.8,5.0,4.83,5.0,4.9,4.71,1.0,0.0,0.0,0.0,1.31
8.53751e+17,https://www.airbnb.com/rooms/853751149361642004,20/04/2010,Estado de manera desconocida,100%,100%,f,"['email', 'phone']",Ramersdorf-Perlach,Shared room in rental unit,Shared room,1 shared bath,"[""BBQ grill"", ""Luggage dropoff allowed"", ""Heating"", ""Hot water kettle"", ""Free parking on premises"", ""Coffee maker"", ""Children\u2019s books and toys"", ""Lockbox"", ""Self check-in"", ""Dishes and silverware"", ""Crib"", ""Blender"", ""Stove"", ""Wine glasses"", ""Bed linens"", ""Outdoor playground"", ""Cleaning products"", ""Fire extinguisher"", ""Hangers"", ""TV"", ""Dedicated workspace"", ""Washer"", ""Laundromat nearby"", ""Exercise equipment"", ""Microwave"", ""Iron"", ""Children's playroom"", ""Freezer"", ""Free street parking"", ""Baby bath"", ""Patio or balcony"", ""Bathtub"", ""Cooking basics"", ""Hot water"", ""Oven"", ""Hair dryer"", ""Clothing storage"", ""Extra pillows and blankets"", ""High chair"", ""Baby monitor"", ""First aid kit"", ""Pets allowed"", ""Essentials"", ""Dishwasher"", ""Long term stays allowed"", ""Drying rack for clothing"", ""Refrigerator"", ""Changing table"", ""Books and reading material"", ""Baking sheet"", ""Smoke alarm"", ""Barbecue utensils"", ""Board games"", ""Dining table"", ""Kitchen"", ""Wifi"", ""Toaster"", ""Bikes""]",$45.00,t,16/04/2023,19/04/2023,f,2.0,3.0,48.11408,11.61491,2.0,1.1,1.0,1.6,1.0,365.0,1.0,365.0,0,0,0,0,3.0,0.0,0.0,5.0,4.8,4.33,5.0,5.0,4.67,4.33,2.0,1.0,0.0,0.0,0.17
9.09197e+17,https://www.airbnb.com/rooms/909197021470770155,02/03/2018,within an hour,100%,100%,f,"['email', 'phone', 'work_email']",Thalkirchen-Obersendling-Forstenried-Fürstenried-Solln,Shared room in tent,Shared room,10 shared baths,"[""Exterior security cameras on property""]",$36.00,t,2011-06-19,2024-12-05,t,3.6,4.7,48.10091238,11.54892867,2.7,1.1,1.2,1.5,1.0,365.0,1.0,365.0,0,0,0,40,0.0,0.0,0.0,4.9,4.8,4.91,4.9,5.0,4.9,4.8,2.1,1.0,0.6,0.0,0.99
9.1894e+17,https://www.airbnb.com/rooms/918940158941115038,27/05/2022,within a few hours,100%,71%,f,"['email', 'phone']",Sendling-Westpark,Shared room in home,Shared room,1.5 shared baths,"[""BBQ grill"", ""Free parking on premises"", ""Coffee maker"", ""Park view"", ""Outdoor shower"", ""Dishes and silverware"", ""Backyard"", ""Bed linens"", ""Dedicated workspace"", ""Cleaning products"", ""Fire extinguisher"", ""Hangers"", ""TV"", ""Iron"", ""Garden view"", ""Hot water"", ""Hair dryer"", ""Clothing storage"", ""Shower gel"", ""First aid kit"", ""Fire pit"", ""Essentials"", ""Shampoo"", ""Refrigerator"", ""Books and reading material"", ""Smoke alarm"", ""Central heating"", ""Board games"", ""Outdoor dining area"", ""Wifi""]",$56.00,t,30/09/2023,02/09/2024,f,3.6,6.0,48.10729537,11.51544959,1.0,1.1,1.0,1.0,1.0,30.0,1.0,30.0,13,13,18,18,16.0,5.3,1.0,4.88,4.69,4.31,4.94,4.94,4.81,4.75,2.1,0.0,0.6,0.0,1.33
9.54898e+17,https://www.airbnb.com/rooms/954897647222208020,10/08/2023,a few days or more,10%,0%,f,"['email', 'phone']",Hadern,Shared room in bed and breakfast,Shared room,1 bath,"[""Smoke alarm"", ""Fire extinguisher"", ""Paid parking on premises"", ""Washer"", ""Kitchen"", ""Wifi""]",$20.00,t,2011-06-19,2024-12-05,f,1.0,1.0,48.11091,11.47798,1.0,1.1,1.0,1.0,1.0,3.0,1.0,3.0,16,46,76,76,0.0,0.0,0.0,4.9,4.8,5.0,4.96,5.0,4.9,4.0,1.0,0.0,0.0,0.0,2.38
9.75043e+17,https://www.airbnb.com/rooms/975043237366124722,20/01/2023,Estado de manera desconocida,90%,100%,f,['phone'],Laim,Shared room in rental unit,Shared room,1 shared bath,"[""Smoke alarm"", ""Bathtub"", ""Dedicated workspace"", ""TV"", ""Cooking basics"", ""Hot water"", ""Washer"", ""Heating"", ""Exercise equipment"", ""Gym"", ""Hair dryer"", ""Coffee maker"", ""Dryer"", ""Kitchen"", ""Dishes and silverware"", ""Wifi"", ""Host greets you""]",$160.00,t,25/09/2023,10/10/2023,f,2.0,2.0,48.13549,11.49101,1.0,1.1,1.0,1.6,2.0,334.1,2.0,1125.0,0,0,0,0,3.0,2.0,0.0,5.0,5.0,5.0,5.0,5.0,5.0,4.67,2.0,1.0,0.0,0.0,0.25
9.76424e+17,https://www.airbnb.com/rooms/976424036624434230,18/08/2012,within a few hours,73%,20%,f,"['email', 'phone']",Sendling-Westpark,Shared room in rental unit,Shared room,1 shared bath,"[""Luggage dropoff allowed"", ""Heating"", ""Free parking on premises"", ""Children\u2019s books and toys"", ""Dishes and silverware"", ""Host greets you"", ""Bed linens"", ""Dedicated workspace"", ""Washer"", ""Microwave"", ""Iron"", ""Free street parking"", ""Cooking basics"", ""Hot water"", ""Cleaning available during stay"", ""Hair dryer"", ""Extra pillows and blankets"", ""First aid kit"", ""Essentials"", ""Dishwasher"", ""Long term stays allowed"", ""Refrigerator"", ""Smoke alarm"", ""Kitchen"", ""Wifi""]",$49.00,t,26/09/2023,01/10/2023,f,3.6,4.7,48.1060761,11.5067975,2.7,1.0,1.0,1.5,1.0,35.0,1.0,35.0,17,17,17,17,2.0,2.0,0.0,4.5,4.5,4.8,4.9,5.0,5.0,4.0,2.1,0.0,1.0,0.0,0.16
9.76535e+17,https://www.airbnb.com/rooms/976535174352655573,29/12/2021,within an hour,100%,63%,f,['phone'],Sendling-Westpark,Shared room in bed and breakfast,Shared room,1 shared bath,"[""TV"", ""Washer"", ""Kitchen"", ""Wifi"", ""Host greets you""]",$104.00,t,12/08/2024,26/08/2024,t,1.0,2.0,48.12424908,11.53192991,3.0,1.0,1.0,3.0,2.0,334.1,2.0,1125.0,19,49,79,259,4.0,4.0,1.0,4.8,4.8,4.25,4.9,4.9,4.8,3.75,1.0,0.0,0.0,0.0,2.67
9.767e+17,https://www.airbnb.com/rooms/976699527728966049,08/06/2021,Estado de manera desconocida,80%,100%,f,['phone'],Schwabing-West,Shared room in rental unit,Shared room,1 shared bath,"[""Smoke alarm"", ""Fire extinguisher"", ""TV"", ""Paid parking on premises"", ""Washer"", ""Exercise equipment"", ""First aid kit"", ""Outdoor dining area"", ""Kitchen"", ""Wifi""]",$198.00,t,2011-06-19,2024-12-05,f,1.0,1.0,48.16667115,11.57570287,1.0,1.0,1.0,2.0,1.0,3.0,1.0,3.0,23,53,83,263,0.0,0.0,0.0,4.9,4.8,4.93,5.0,5.0,4.9,4.78,1.0,0.0,0.0,0.0,1.06
9.84015e+17,https://www.airbnb.com/rooms/984015232340417265,20/03/2016,a few days or more,20%,0%,f,"['email', 'phone']",Sendling-Westpark,Shared room in rental unit,Shared room,1 shared bath,"[""Smoke alarm"", ""Dedicated workspace"", ""TV"", ""Washer"", ""Kitchen"", ""Wifi""]",$51.00,t,2011-06-19,2024-12-05,f,1.0,1.0,48.11383681,11.51956242,1.0,1.0,1.0,1.0,1.0,365.0,1.0,365.0,18,48,78,258,0.0,0.0,0.0,4.9,4.8,4.8,5.0,5.0,4.9,4.7,1.0,0.0,0.0,0.0,0.33
9.84892e+17,https://www.airbnb.com/rooms/984891852944104681,27/05/2022,within a few hours,100%,71%,f,"['email', 'phone']",Sendling-Westpark,Shared room in home,Shared room,2 shared baths,"[""Smoke alarm"", ""Fire extinguisher"", ""Dedicated workspace"", ""TV"", ""Carbon monoxide alarm"", ""BBQ grill"", ""Free parking on premises"", ""Hair dryer"", ""First aid kit"", ""Iron"", ""Fire pit"", ""Outdoor dining area"", ""Outdoor shower"", ""Kitchen"", ""Wifi""]",$80.00,t,01/11/2023,06/09/2024,f,3.6,6.0,48.10653724,11.51641142,1.0,1.1,1.0,1.0,1.0,365.0,1.0,365.0,6,6,6,21,4.0,4.0,1.0,4.75,4.5,4.8,4.9,4.9,4.75,4.5,2.1,0.0,0.6,0.0,0.36
9.86683e+17,https://www.airbnb.com/rooms/986682933336581044,18/08/2012,within a few hours,73%,20%,f,"['email', 'phone']",Sendling-Westpark,Shared room in rental unit,Shared room,1 shared bath,"[""Smoke alarm"", ""Dedicated workspace"", ""Cooking basics"", ""Hot water"", ""Washer"", ""Heating"", ""Free parking on premises"", ""First aid kit"", ""Iron"", ""Essentials"", ""Kitchen"", ""Dishes and silverware"", ""Free street parking"", ""Wifi"", ""Shampoo"", ""Refrigerator""]",$47.00,t,30/09/2023,30/09/2023,f,3.6,4.7,48.1060761,11.5067975,2.7,1.0,1.0,2.0,1.0,365.0,1.0,365.0,26,56,86,86,1.0,1.0,0.0,5.0,5.0,5.0,5.0,5.0,5.0,5.0,2.1,0.0,1.0,0.0,0.08
9.99986e+17,https://www.airbnb.com/rooms/999985649031731175,21/07/2022,within an hour,99%,33%,f,"['email', 'phone']",Sendling,Shared room in rental unit,Shared room,3 shared baths,"[""TV"", ""Washer"", ""Free parking on premises"", ""Outdoor dining area"", ""Kitchen"", ""Wifi""]",$100.00,t,01/09/2024,22/09/2024,f,3.6,4.7,48.1225434,11.5457262,2.7,1.1,1.0,1.5,1.0,365.0,1.0,365.0,28,58,88,363,2.0,2.0,2.0,5.0,5.0,5.0,5.0,5.0,5.0,4.5,2.1,1.3,2.0,0.0,2.0
1.00532e+18,https://www.airbnb.com/rooms/1005320649188090212,09/06/2018,Estado de manera desconocida,100%,86%,f,['phone'],Schwabing-West,Shared room in rental unit,Shared room,1 shared bath,"[""Luggage dropoff allowed"", ""Outdoor furniture"", ""Private BBQ grill: electric"", ""Hot water kettle"", ""Record player"", ""Single level home"", ""Coffee maker: espresso machine"", ""Children\u2019s books and toys"", ""Siemens  oven"", ""Courtyard view"", ""Induction stove"", ""Dishes and silverware"", ""Blender"", ""Wine glasses"", ""Bed linens"", ""Elevator"", ""Outdoor playground"", ""Cleaning products"", ""Free washer \u2013 In unit"", ""Dedicated workspace"", ""Laundromat nearby"", ""Exercise equipment"", ""Hockey rink"", ""EV charger"", ""Children's playroom"", ""Waterfront"", ""Shared backyard \u2013 Fully fenced"", ""42 inch TV"", ""Cooking basics"", ""Hot water"", ""Hair dryer"", ""Sound system with aux"", ""Extra pillows and blankets"", ""First aid kit"", ""Pets allowed"", ""Ikea  refrigerator"", ""Coffee"", ""Essentials"", ""Paid street parking off premises"", ""Long term stays allowed"", ""Drying rack for clothing"", ""Smoking allowed"", ""Baking sheet"", ""Smoke alarm"", ""Central heating"", ""Paid parking on premises"", ""Private patio or balcony"", ""Board games"", ""Dining table"", ""Outdoor dining area"", ""Kitchen"", ""Wifi""]",$75.00,t,2011-06-19,2024-12-05,f,1.0,1.0,48.16855,11.5769,2.0,1.0,1.0,2.0,1.0,14.0,1.0,1125.0,0,0,0,172,0.0,0.0,0.0,4.9,4.8,5.0,5.0,5.0,4.9,5.0,1.0,0.0,0.0,0.0,2.01
1.01787e+18,https://www.airbnb.com/rooms/1017870400754543843,05/11/2023,within an hour,100%,100%,f,"['email', 'phone']",Ramersdorf-Perlach,Shared room in bed and breakfast,Shared room,1.5 shared baths,"[""Luggage dropoff allowed"", ""Outdoor furniture"", ""Mosquito net"", ""Shared backyard"", ""Dishes and silverware"", ""Blender"", ""Host greets you"", ""Portable heater"", ""Elevator"", ""Bed linens"", ""Dedicated workspace"", ""Cleaning products"", ""Fire extinguisher"", ""Hangers"", ""Ethernet connection"", ""Paid dryer \u2013 In building"", ""Radiant heating"", ""Microwave"", ""Iron"", ""EV charger"", ""Freezer"", ""Free street parking"", ""Room-darkening shades"", ""Trash compactor"", ""Cooking basics"", ""Hot water"", ""Oven"", ""Electric stove"", ""Cleaning available during stay"", ""Hair dryer"", ""Shower gel"", ""Extra pillows and blankets"", ""Essentials"", ""Long term stays allowed"", ""Drying rack for clothing"", ""Shampoo"", ""Baking sheet"", ""Safe"", ""Central heating"", ""Smoke alarm"", ""Paid washer \u2013 In building"", ""Dining table"", ""Clothing storage: closet and wardrobe"", ""Outdoor dining area"", ""Kitchen"", ""Wifi"", ""Exterior security cameras on property"", ""Mini fridge"", ""Body soap"", ""Noise decibel monitors on property""]",$41.00,t,24/08/2024,06/09/2024,t,1.0,1.0,48.10568,11.60536,2.0,1.1,1.0,2.0,1.0,730.0,1.0,1125.0,10,27,54,319,6.0,6.0,0.5,4.83,4.67,4.5,5.0,5.0,4.5,4.67,1.0,0.0,0.0,0.0,1.0
1.10626e+18,https://www.airbnb.com/rooms/1106255779565582417,26/07/2015,within a day,100%,0%,f,"['email', 'phone']",Ludwigsvorstadt-Isarvorstadt,Shared room in rental unit,Shared room,1 shared bath,"[""Smoke alarm"", ""Dedicated workspace"", ""TV"", ""Washer"", ""Outdoor dining area"", ""Kitchen"", ""Wifi""]",$500.00,t,2011-06-19,2024-12-05,f,1.0,1.0,48.12956,11.55843,2.0,1.0,1.0,1.0,1.0,365.0,1.0,365.0,27,57,87,267,0.0,0.0,0.0,4.9,4.8,4.8,4.83,5.0,4.9,5.0,1.0,0.0,0.0,0.0,1.35
1.13754e+18,https://www.airbnb.com/rooms/1137537949455177782,15/09/2020,Estado de manera desconocida,90%,98%,f,['phone'],Ludwigsvorstadt-Isarvorstadt,Shared room in rental unit,Shared room,1 shared bath,"[""Smoke alarm"", ""Paid parking on premises"", ""Washer"", ""Kitchen"", ""Wifi""]",$329.00,t,2011-06-19,2024-12-05,f,1.0,1.0,48.13756,11.55431,1.0,1.1,1.0,1.6,1.0,5.0,1.0,5.0,0,0,0,0,0.0,0.0,0.0,4.9,4.8,4.5,4.96,5.0,4.9,4.0,1.0,0.0,0.0,0.0,1.0
1.1478e+18,https://www.airbnb.com/rooms/1147795932450631196,08/11/2016,a few days or more,0%,20%,f,"['email', 'phone']",Sendling,Shared room in rental unit,Shared room,1 shared bath,"[""Smoke alarm"", ""Dedicated workspace"", ""TV"", ""Paid parking on premises"", ""Kitchen"", ""Wifi""]",$150.00,t,2011-06-19,2024-12-05,f,1.0,1.0,48.12541,11.53802,1.0,1.0,1.0,1.0,1.0,365.0,1.0,365.0,29,59,89,269,0.0,0.0,0.0,4.9,4.8,5.0,5.0,5.0,4.9,5.0,1.0,0.0,0.0,0.0,0.25
1.20577e+18,https://www.airbnb.com/rooms/1205774433573620210,12/09/2022,within an hour,100%,100%,f,['phone'],Tudering-Riem,Shared room in rental unit,Shared room,1 shared bath,"[""Wifi""]",$49.00,t,2011-06-19,2024-12-05,f,1.0,1.0,48.1365497,11.6,1.0,1.0,1.0,1.0,1.0,365.0,1.0,365.0,0,0,0,267,0.0,0.0,0.0,4.9,4.8,4.8,5.0,5.0,4.9,4.7,1.0,0.0,0.0,0.0,2.78
1.2097e+18,https://www.airbnb.com/rooms/1209703151173419315,24/08/2016,within a few hours,86%,60%,f,"['email', 'phone']",Tudering-Riem,Shared room in home,Shared room,1 shared bath,"[""BBQ grill"", ""Hot water kettle"", ""Free parking on premises"", ""Dishes and silverware"", ""Stove"", ""Bed linens"", ""Dedicated workspace"", ""Lake access"", ""Washer"", ""Microwave"", ""Iron"", ""Coffee maker: Nespresso"", ""Bathtub"", ""Cooking basics"", ""Hot water"", ""Oven"", ""Clothing storage"", ""Extra pillows and blankets"", ""First aid kit"", ""Fire pit"", ""Coffee"", ""Conditioner"", ""Essentials"", ""Paid street parking off premises"", ""Drying rack for clothing"", ""Books and reading material"", ""Baking sheet"", ""Barbecue utensils"", ""Hot tub"", ""Dining table"", ""Outdoor dining area"", ""Kitchen"", ""Wifi"", ""Mini fridge"", ""Body soap"", ""Bikes""]",$106.00,t,03/08/2024,01/09/2024,f,3.0,3.0,48.11736918,11.6,2.0,1.0,1.0,1.0,1.0,365.0,1.0,365.0,7,7,7,92,6.0,6.0,1.0,5.0,5.0,4.83,5.0,4.83,4.83,4.67,3.0,0.0,2.0,0.0,1.0
1.21687e+18,https://www.airbnb.com/rooms/1216871171672529393,12/02/2023,within an hour,100%,62%,f,"['email', 'phone']",Schwabing-West,Shared room in rental unit,Shared room,1 shared bath,"[""HS shampoo"", ""Outlet covers"", ""Paid washer \u2013 In unit"", ""Arcade games"", ""Dishes and silverware"", ""Blender"", ""Host greets you"", ""Portable fans"", ""Elevator"", ""Bed linens"", ""Outdoor playground"", ""Cleaning products"", ""Exercise equipment: free weights"", ""Laundromat nearby"", ""Non refrigerator"", ""Freezer"", ""Free street parking"", ""Room-darkening shades"", ""Double oven"", ""Trash compactor"", ""Bathtub"", ""Cooking basics"", ""Hot water"", ""EV charger - level 2"", ""Shower gel"", ""Extra pillows and blankets"", ""First aid kit"", ""Conditioner"", ""Essentials"", ""Other electric stove"", ""Dove body soap"", ""Long term stays allowed"", ""Life size games"", ""Smoke alarm"", ""Central heating"", ""Game console"", ""Bidet"", ""Tevion sound system with Bluetooth and aux"", ""Dining table"", ""Housekeeping available 24 hours, every day - included with your stay"", ""Theme room"", ""Kitchen"", ""Wifi"", ""Mini fridge"", ""Bikes""]",$64.00,t,11/08/2024,23/09/2024,f,1.0,1.0,48.1679126,11.57451105,1.0,1.0,1.0,1.0,1.0,365.0,1.0,365.0,18,48,78,353,8.0,8.0,0.5,5.0,4.88,4.75,5.0,5.0,5.0,5.0,1.0,0.0,0.0,0.0,1.0
1.22243e+18,https://www.airbnb.com/rooms/1222429730411779948,10/04/2018,within a few hours,100%,67%,f,"['email', 'phone']",Schwanthalerhöhe,Shared room in rental unit,Shared room,1 shared bath,"[""Wifi"", ""Kitchen"", ""Paid parking on premises"", ""Washer""]",$120.00,t,2011-06-19,2024-12-05,f,2.0,2.0,48.138341,11.547425,2.0,1.0,1.0,1.0,2.0,20.0,2.0,20.0,16,46,76,76,0.0,0.0,0.0,4.9,4.8,5.0,5.0,5.0,4.9,4.7,1.0,0.0,0.0,0.0,1.0
1.23024e+18,https://www.airbnb.com/rooms/1230238498902620931,15/03/2023,within an hour,100%,71%,f,"['email', 'phone']",Bogenhausen,Shared room in rental unit,Shared room,1 shared bath,"[""Smoke alarm"", ""Dedicated workspace"", ""TV"", ""Paid parking on premises"", ""Washer"", ""Kitchen"", ""Wifi"", ""Host greets you""]",$66.00,t,31/08/2024,23/09/2024,f,1.0,1.0,48.13647,11.61904,1.0,1.0,1.0,2.0,1.0,33.0,1.0,33.0,8,32,62,62,4.0,4.0,0.5,4.8,4.5,4.25,5.0,4.9,5.0,4.25,1.0,0.0,0.0,0.0,1.0
1.23122e+18,https://www.airbnb.com/rooms/1231220011824668566,05/11/2023,within a few hours,67%,45%,f,"['email', 'phone']",Ludwigsvorstadt-Isarvorstadt,Shared room in tiny home,Shared room,1 bath,"[""Laser tag"", ""Hot water kettle"", ""Dishes and silverware"", ""Blender"", ""Host greets you"", ""Portable fans"", ""Elevator"", ""Dedicated workspace"", ""Hangers"", ""TV"", ""Stainless steel electric stove"", ""Washer"", ""Laundromat nearby"", ""Paid dryer \u2013 In building"", ""Microwave"", ""Iron"", ""Freezer"", ""Lock on bedroom door"", ""Room-darkening shades"", ""Clothing storage: wardrobe"", ""Paid parking off premises"", ""Bathtub"", ""Cooking basics"", ""Hot water"", ""Hair dryer"", ""Pets allowed"", ""Shower gel"", ""Extra pillows and blankets"", ""Coffee"", ""Conditioner"", ""Long term stays allowed"", ""Drying rack for clothing"", ""Shampoo"", ""Refrigerator"", ""Central heating"", ""Paid parking on premises"", ""Bidet"", ""Dining table"", ""Ceiling fan"", ""Outdoor dining area"", ""Kitchen"", ""Wifi"", ""Mini fridge"", ""Body soap"", ""Toaster""]",$23.00,t,2011-06-19,2024-12-05,f,2.0,2.0,48.13678278,11.55114066,1.0,1.1,1.0,1.0,1.0,1.0,1.0,1.0,0,0,0,0,0.0,0.0,0.0,4.9,4.8,4.8,5.0,5.0,4.9,4.0,2.0,0.0,0.0,0.0,1.0
1.23262e+18,https://www.airbnb.com/rooms/1232622908431316606,27/07/2024,a few days or more,18%,0%,f,"['email', 'phone']",Aubing-Lochhausen-Langwied,Shared room in rental unit,Shared room,2 shared baths,"[""Luggage dropoff allowed"", ""Free parking on premises"", ""Coffee maker"", ""Outdoor shower"", ""Dishes and silverware"", ""Elevator"", ""Bed linens"", ""Dedicated workspace"", ""TV"", ""Washer"", ""Iron"", ""Freezer"", ""Free street parking"", ""Room-darkening shades"", ""Bathtub"", ""Cooking basics"", ""Hot water"", ""Oven"", ""Coffee"", ""Dishwasher"", ""Other electric stove"", ""Clothing storage: closet"", ""Drying rack for clothing"", ""Refrigerator"", ""Smoking allowed"", ""Books and reading material"", ""Central heating"", ""Paid parking on premises"", ""Private patio or balcony"", ""Board games"", ""Dining table"", ""Kitchen"", ""Wifi"", ""Toaster""]",$50.00,t,2011-06-19,2024-12-05,f,1.0,1.0,48.14728753,11.6,1.0,1.1,1.0,1.0,1.0,365.0,1.0,365.0,24,54,84,359,0.0,0.0,0.0,4.9,4.8,4.8,5.0,5.0,4.9,4.7,1.0,0.0,0.0,0.0,2.0
1.2329e+18,https://www.airbnb.com/rooms/1232898369904554688,05/11/2023,within a few hours,67%,45%,f,"['email', 'phone']",Ludwigsvorstadt-Isarvorstadt,Shared room in rental unit,Shared room,0 shared baths,"[""HDTV"", ""Luggage dropoff allowed"", ""Outdoor furniture"", ""Hot water kettle"", ""Dishes and silverware"", ""Blender"", ""Host greets you"", ""Wine glasses"", ""Elevator"", ""Dedicated workspace"", ""Hangers"", ""Stainless steel electric stove"", ""Paid dryer \u2013 In building"", ""Microwave"", ""Iron"", ""Freezer"", ""Room-darkening shades"", ""Clothing storage: wardrobe"", ""Bathtub"", ""Cooking basics"", ""Hot water"", ""Hair dryer"", ""Pets allowed"", ""Shower gel"", ""Extra pillows and blankets"", ""Conditioner"", ""Long term stays allowed"", ""Drying rack for clothing"", ""Shampoo"", ""Refrigerator"", ""Central heating"", ""Paid parking on premises"", ""Bidet"", ""Paid washer \u2013 In building"", ""Dining table"", ""Ceiling fan"", ""Outdoor dining area"", ""Kitchen"", ""Wifi"", ""Mini fridge"", ""Body soap"", ""Toaster"", ""Breakfast""]",$23.00,t,07/09/2024,22/09/2024,f,2.0,2.0,48.1386518,11.5519152,1.0,1.1,1.2,3.0,1.0,1.0,1.0,1.0,7,36,65,65,5.0,5.0,0.5,4.8,4.8,4.8,5.0,5.0,4.8,5.0,2.0,0.0,0.0,0.0,1.0
1.24797e+18,https://www.airbnb.com/rooms/1247967560962134144,25/08/2018,within a few hours,100%,29%,f,"['email', 'phone']",Sendling-Westpark,Shared room in rental unit,Shared room,1 shared bath,"[""Smoke alarm"", ""Dedicated workspace"", ""TV"", ""Washer"", ""Pets allowed"", ""Kitchen"", ""Wifi"", ""Host greets you""]",$77.00,t,2011-06-19,2024-12-05,f,2.0,2.0,48.11466,11.53507,2.0,1.0,1.0,1.0,2.0,365.0,2.0,365.0,6,6,6,6,0.0,0.0,0.0,4.9,4.8,5.0,5.0,5.0,4.9,5.0,2.0,1.0,0.0,0.0,1.0
1.24899e+18,https://www.airbnb.com/rooms/1248987882151501371,24/04/2016,Estado de manera desconocida,90%,25%,f,"['email', 'phone']",Ludwigsvorstadt-Isarvorstadt,Shared room in rental unit,Shared room,1 shared bath,"[""Smoke alarm"", ""Kitchen"", ""Washer""]",$350.00,t,2011-06-19,2024-12-05,f,1.0,1.0,48.12776004,11.5644831,2.0,1.0,1.0,1.0,1.0,365.0,1.0,365.0,30,60,90,365,0.0,0.0,0.0,4.9,4.8,5.0,5.0,5.0,4.9,5.0,1.0,0.0,0.0,0.0,1.0
1.24919e+18,https://www.airbnb.com/rooms/1249194173901281042,30/01/2023,Estado de manera desconocida,100%,0%,f,"['email', 'phone']",Ramersdorf-Perlach,Shared room in rental unit,Shared room,1 shared bath,"[""Smoke alarm"", ""TV"", ""Washer"", ""Free parking on premises"", ""Kitchen"", ""Wifi""]",$122.00,t,2011-06-19,2024-12-05,f,1.0,1.0,48.10996212,11.60051894,2.0,1.0,1.0,1.0,1.0,365.0,1.0,365.0,27,57,87,362,0.0,0.0,0.0,4.9,4.8,5.0,5.0,5.0,4.9,5.0,1.0,0.0,0.0,0.0,1.0
1.25194e+18,https://www.airbnb.com/rooms/1251935690977585915,23/09/2024,Estado de manera desconocida,80%,0%,f,"['email', 'phone']",Bogenhausen,Shared room in bed and breakfast,Shared room,1 shared bath,"[""Smoke alarm"", ""Fire extinguisher"", ""Dedicated workspace"", ""TV"", ""Washer"", ""Free parking on premises"", ""Wifi""]",$39.00,t,2011-06-19,2024-12-05,f,1.0,2.0,48.1619578,11.6201861,1.0,1.0,1.0,1.0,1.0,365.0,1.0,365.0,14,44,74,349,0.0,0.0,0.0,4.9,4.8,5.0,4.8,5.0,4.9,5.0,1.0,0.0,0.0,0.0,1.0
